CategoryID,CategoryName,Description
1,Action,Ut enim ad minim veniam quis nostrud exercitation ullamco laboris nisi ut aliquip ex ea commodo consequat
2,Adventure,Duis aute irure dolor in reprehenderit in voluptate velit esse cillum dolore eu fugiat nulla pariatur
3,RPG,Ut enim ad minim veniam quis nostrud exercitation ullamco laboris nisi ut aliquip ex ea commodo consequat
4,Simulation,Excepteur sint occaecat cupidatat non proident sunt in culpa qui officia deserunt mollit anim id est laborum
5,Strategy,Excepteur sint occaecat cupidatat non proident sunt in culpa qui officia deserunt mollit anim id est laborum
6,Sports,Ut enim ad minim veniam quis nostrud exercitation ullamco laboris nisi ut aliquip ex ea commodo consequat
7,Puzzle,Lorem ipsum dolor sit amet  consectetur adipisicing elit sed do eiusmod tempor incididunt ut labore et dolore magna aliqua
8,Racing,Ut enim ad minim veniam quis nostrud exercitation ullamco laboris nisi ut aliquip ex ea commodo consequat
9,Fighting,Excepteur sint occaecat cupidatat non proident sunt in culpa qui officia deserunt mollit anim id est laborum
10,Platformer,Excepteur sint occaecat cupidatat non proident sunt in culpa qui officia deserunt mollit anim id est laborum
11,Shooter,Excepteur sint occaecat cupidatat non proident sunt in culpa qui officia deserunt mollit anim id est laborum
12,Survival,Excepteur sint occaecat cupidatat non proident sunt in culpa qui officia deserunt mollit anim id est laborum
13,Horror,Excepteur sint occaecat cupidatat non proident sunt in culpa qui officia deserunt mollit anim id est laborum
14,Stealth,Lorem ipsum dolor sit amet  consectetur adipisicing elit sed do eiusmod tempor incididunt ut labore et dolore magna aliqua
15,Open World,Duis aute irure dolor in reprehenderit in voluptate velit esse cillum dolore eu fugiat nulla pariatur
16,Sandbox,Ut enim ad minim veniam quis nostrud exercitation ullamco laboris nisi ut aliquip ex ea commodo consequat
17,MMORPG,Lorem ipsum dolor sit amet  consectetur adipisicing elit sed do eiusmod tempor incididunt ut labore et dolore magna aliqua
18,MOBA,Excepteur sint occaecat cupidatat non proident sunt in culpa qui officia deserunt mollit anim id est laborum
19,Card Game,Excepteur sint occaecat cupidatat non proident sunt in culpa qui officia deserunt mollit anim id est laborum
20,Rhythm,Excepteur sint occaecat cupidatat non proident sunt in culpa qui officia deserunt mollit anim id est laborum
21,Tower Defense,Ut enim ad minim veniam quis nostrud exercitation ullamco laboris nisi ut aliquip ex ea commodo consequat
22,Turn-Based Strategy,Ut enim ad minim veniam quis nostrud exercitation ullamco laboris nisi ut aliquip ex ea commodo consequat
23,Real-Time Strategy,Excepteur sint occaecat cupidatat non proident sunt in culpa qui officia deserunt mollit anim id est laborum
24,First-Person Shooter,Excepteur sint occaecat cupidatat non proident sunt in culpa qui officia deserunt mollit anim id est laborum
25,Third-Person Shooter,Duis aute irure dolor in reprehenderit in voluptate velit esse cillum dolore eu fugiat nulla pariatur
26,Beat 'em Up,Excepteur sint occaecat cupidatat non proident sunt in culpa qui officia deserunt mollit anim id est laborum
27,Hack and Slash,Duis aute irure dolor in reprehenderit in voluptate velit esse cillum dolore eu fugiat nulla pariatur
28,Metroidvania,Lorem ipsum dolor sit amet  consectetur adipisicing elit sed do eiusmod tempor incididunt ut labore et dolore magna aliqua
29,Visual Novel,Excepteur sint occaecat cupidatat non proident sunt in culpa qui officia deserunt mollit anim id est laborum
30,Text Adventure,Ut enim ad minim veniam quis nostrud exercitation ullamco laboris nisi ut aliquip ex ea commodo consequat
31,Point and Click,Ut enim ad minim veniam quis nostrud exercitation ullamco laboris nisi ut aliquip ex ea commodo consequat
32,Interactive Movie,Duis aute irure dolor in reprehenderit in voluptate velit esse cillum dolore eu fugiat nulla pariatur
33,Trivia,Ut enim ad minim veniam quis nostrud exercitation ullamco laboris nisi ut aliquip ex ea commodo consequat
34,Party,Ut enim ad minim veniam quis nostrud exercitation ullamco laboris nisi ut aliquip ex ea commodo consequat
35,Educational,Ut enim ad minim veniam quis nostrud exercitation ullamco laboris nisi ut aliquip ex ea commodo consequat
36,Casual,Ut enim ad minim veniam quis nostrud exercitation ullamco laboris nisi ut aliquip ex ea commodo consequat
37,Idle Game,Lorem ipsum dolor sit amet  consectetur adipisicing elit sed do eiusmod tempor incididunt ut labore et dolore magna aliqua
38,Multiplayer Online Battle Arena,Lorem ipsum dolor sit amet  consectetur adipisicing elit sed do eiusmod tempor incididunt ut labore et dolore magna aliqua
39,Roguelike,Excepteur sint occaecat cupidatat non proident sunt in culpa qui officia deserunt mollit anim id est laborum
40,Roguelite,Ut enim ad minim veniam quis nostrud exercitation ullamco laboris nisi ut aliquip ex ea commodo consequat
41,4X Strategy,Lorem ipsum dolor sit amet  consectetur adipisicing elit sed do eiusmod tempor incididunt ut labore et dolore magna aliqua
42,City Building,Ut enim ad minim veniam quis nostrud exercitation ullamco laboris nisi ut aliquip ex ea commodo consequat
43,Colony Sim,Duis aute irure dolor in reprehenderit in voluptate velit esse cillum dolore eu fugiat nulla pariatur
44,Tycoon,Excepteur sint occaecat cupidatat non proident sunt in culpa qui officia deserunt mollit anim id est laborum
45,God Game,Ut enim ad minim veniam quis nostrud exercitation ullamco laboris nisi ut aliquip ex ea commodo consequat
46,Life Simulation,Lorem ipsum dolor sit amet  consectetur adipisicing elit sed do eiusmod tempor incididunt ut labore et dolore magna aliqua
47,Dating Sim,Duis aute irure dolor in reprehenderit in voluptate velit esse cillum dolore eu fugiat nulla pariatur
48,Farming Sim,Excepteur sint occaecat cupidatat non proident sunt in culpa qui officia deserunt mollit anim id est laborum
49,Flight Sim,Lorem ipsum dolor sit amet  consectetur adipisicing elit sed do eiusmod tempor incididunt ut labore et dolore magna aliqua
50,Music Game,Ut enim ad minim veniam quis nostrud exercitation ullamco laboris nisi ut aliquip ex ea commodo consequat
51,Dance Game,Excepteur sint occaecat cupidatat non proident sunt in culpa qui officia deserunt mollit anim id est laborum
52,Cooking Sim,Lorem ipsum dolor sit amet  consectetur adipisicing elit sed do eiusmod tempor incididunt ut labore et dolore magna aliqua
53,Building,Excepteur sint occaecat cupidatat non proident sunt in culpa qui officia deserunt mollit anim id est laborum
54,Crafting,Lorem ipsum dolor sit amet  consectetur adipisicing elit sed do eiusmod tempor incididunt ut labore et dolore magna aliqua
55,Narrative,Duis aute irure dolor in reprehenderit in voluptate velit esse cillum dolore eu fugiat nulla pariatur
56,Historical,Duis aute irure dolor in reprehenderit in voluptate velit esse cillum dolore eu fugiat nulla pariatur
57,Sci-Fi,Lorem ipsum dolor sit amet  consectetur adipisicing elit sed do eiusmod tempor incididunt ut labore et dolore magna aliqua
58,Fantasy,Duis aute irure dolor in reprehenderit in voluptate velit esse cillum dolore eu fugiat nulla pariatur
59,Cyberpunk,Duis aute irure dolor in reprehenderit in voluptate velit esse cillum dolore eu fugiat nulla pariatur
60,Post-Apocalyptic,Excepteur sint occaecat cupidatat non proident sunt in culpa qui officia deserunt mollit anim id est laborum
61,Western,Duis aute irure dolor in reprehenderit in voluptate velit esse cillum dolore eu fugiat nulla pariatur
62,Eastern,Duis aute irure dolor in reprehenderit in voluptate velit esse cillum dolore eu fugiat nulla pariatur
63,Medieval,Lorem ipsum dolor sit amet  consectetur adipisicing elit sed do eiusmod tempor incididunt ut labore et dolore magna aliqua
64,Steampunk,Lorem ipsum dolor sit amet  consectetur adipisicing elit sed do eiusmod tempor incididunt ut labore et dolore magna aliqua
65,Space Exploration,Excepteur sint occaecat cupidatat non proident sunt in culpa qui officia deserunt mollit anim id est laborum
66,Pirates,Ut enim ad minim veniam quis nostrud exercitation ullamco laboris nisi ut aliquip ex ea commodo consequat
67,Ninja,Duis aute irure dolor in reprehenderit in voluptate velit esse cillum dolore eu fugiat nulla pariatur
68,Samurai,Duis aute irure dolor in reprehenderit in voluptate velit esse cillum dolore eu fugiat nulla pariatur
69,Superhero,Excepteur sint occaecat cupidatat non proident sunt in culpa qui officia deserunt mollit anim id est laborum
70,Vampire,Duis aute irure dolor in reprehenderit in voluptate velit esse cillum dolore eu fugiat nulla pariatur
71,Zombie,Ut enim ad minim veniam quis nostrud exercitation ullamco laboris nisi ut aliquip ex ea commodo consequat
72,Mystery,Ut enim ad minim veniam quis nostrud exercitation ullamco laboris nisi ut aliquip ex ea commodo consequat
73,Detective,Excepteur sint occaecat cupidatat non proident sunt in culpa qui officia deserunt mollit anim id est laborum
74,Crime,Lorem ipsum dolor sit amet  consectetur adipisicing elit sed do eiusmod tempor incididunt ut labore et dolore magna aliqua
75,Psychological,Ut enim ad minim veniam quis nostrud exercitation ullamco laboris nisi ut aliquip ex ea commodo consequat
76,Espionage,Excepteur sint occaecat cupidatat non proident sunt in culpa qui officia deserunt mollit anim id est laborum
77,War,Lorem ipsum dolor sit amet  consectetur adipisicing elit sed do eiusmod tempor incididunt ut labore et dolore magna aliqua
78,Military,Ut enim ad minim veniam quis nostrud exercitation ullamco laboris nisi ut aliquip ex ea commodo consequat
79,Naval Warfare,Duis aute irure dolor in reprehenderit in voluptate velit esse cillum dolore eu fugiat nulla pariatur
80,Air Combat,Lorem ipsum dolor sit amet  consectetur adipisicing elit sed do eiusmod tempor incididunt ut labore et dolore magna aliqua
81,Mecha,Excepteur sint occaecat cupidatat non proident sunt in culpa qui officia deserunt mollit anim id est laborum
82,Anime,Ut enim ad minim veniam quis nostrud exercitation ullamco laboris nisi ut aliquip ex ea commodo consequat
83,Cartoon,Excepteur sint occaecat cupidatat non proident sunt in culpa qui officia deserunt mollit anim id est laborum
84,Pixel Art,Excepteur sint occaecat cupidatat non proident sunt in culpa qui officia deserunt mollit anim id est laborum
85,8-bit,Lorem ipsum dolor sit amet  consectetur adipisicing elit sed do eiusmod tempor incididunt ut labore et dolore magna aliqua
86,16-bit,Lorem ipsum dolor sit amet  consectetur adipisicing elit sed do eiusmod tempor incididunt ut labore et dolore magna aliqua
87,Retro,Excepteur sint occaecat cupidatat non proident sunt in culpa qui officia deserunt mollit anim id est laborum
88,Futuristic,Excepteur sint occaecat cupidatat non proident sunt in culpa qui officia deserunt mollit anim id est laborum
89,Magic,Duis aute irure dolor in reprehenderit in voluptate velit esse cillum dolore eu fugiat nulla pariatur
90,Robots,Duis aute irure dolor in reprehenderit in voluptate velit esse cillum dolore eu fugiat nulla pariatur
91,Aliens,Excepteur sint occaecat cupidatat non proident sunt in culpa qui officia deserunt mollit anim id est laborum
92,Dinosaurs,Duis aute irure dolor in reprehenderit in voluptate velit esse cillum dolore eu fugiat nulla pariatur
93,Post-Human,Lorem ipsum dolor sit amet  consectetur adipisicing elit sed do eiusmod tempor incididunt ut labore et dolore magna aliqua
94,Virtual Reality,Lorem ipsum dolor sit amet  consectetur adipisicing elit sed do eiusmod tempor incididunt ut labore et dolore magna aliqua
95,Augmented Reality,Excepteur sint occaecat cupidatat non proident sunt in culpa qui officia deserunt mollit anim id est laborum
96,Sports Management,Duis aute irure dolor in reprehenderit in voluptate velit esse cillum dolore eu fugiat nulla pariatur
97,Wrestling,Duis aute irure dolor in reprehenderit in voluptate velit esse cillum dolore eu fugiat nulla pariatur
98,Boxing,Lorem ipsum dolor sit amet  consectetur adipisicing elit sed do eiusmod tempor incididunt ut labore et dolore magna aliqua
99,Martial Arts,Ut enim ad minim veniam quis nostrud exercitation ullamco laboris nisi ut aliquip ex ea commodo consequat
100,Karate,Ut enim ad minim veniam quis nostrud exercitation ullamco laboris nisi ut aliquip ex ea commodo consequat
101,Judo,Duis aute irure dolor in reprehenderit in voluptate velit esse cillum dolore eu fugiat nulla pariatur
102,Kickboxing,Excepteur sint occaecat cupidatat non proident sunt in culpa qui officia deserunt mollit anim id est laborum
103,Basketball,Duis aute irure dolor in reprehenderit in voluptate velit esse cillum dolore eu fugiat nulla pariatur
104,Football,Lorem ipsum dolor sit amet  consectetur adipisicing elit sed do eiusmod tempor incididunt ut labore et dolore magna aliqua
105,Soccer,Lorem ipsum dolor sit amet  consectetur adipisicing elit sed do eiusmod tempor incididunt ut labore et dolore magna aliqua
106,Hockey,Ut enim ad minim veniam quis nostrud exercitation ullamco laboris nisi ut aliquip ex ea commodo consequat
107,Tennis,Lorem ipsum dolor sit amet  consectetur adipisicing elit sed do eiusmod tempor incididunt ut labore et dolore magna aliqua
108,Golf,Excepteur sint occaecat cupidatat non proident sunt in culpa qui officia deserunt mollit anim id est laborum
109,Skating,Excepteur sint occaecat cupidatat non proident sunt in culpa qui officia deserunt mollit anim id est laborum
110,Skiing,Duis aute irure dolor in reprehenderit in voluptate velit esse cillum dolore eu fugiat nulla pariatur
111,Snowboarding,Duis aute irure dolor in reprehenderit in voluptate velit esse cillum dolore eu fugiat nulla pariatur
112,Skateboarding,Lorem ipsum dolor sit amet  consectetur adipisicing elit sed do eiusmod tempor incididunt ut labore et dolore magna aliqua
113,BMX,Duis aute irure dolor in reprehenderit in voluptate velit esse cillum dolore eu fugiat nulla pariatur
114,Motocross,Ut enim ad minim veniam quis nostrud exercitation ullamco laboris nisi ut aliquip ex ea commodo consequat
115,Baseball,Ut enim ad minim veniam quis nostrud exercitation ullamco laboris nisi ut aliquip ex ea commodo consequat
116,Cricket,Ut enim ad minim veniam quis nostrud exercitation ullamco laboris nisi ut aliquip ex ea commodo consequat
117,Rugby,Lorem ipsum dolor sit amet  consectetur adipisicing elit sed do eiusmod tempor incididunt ut labore et dolore magna aliqua
118,Badminton,Ut enim ad minim veniam quis nostrud exercitation ullamco laboris nisi ut aliquip ex ea commodo consequat
119,Table Tennis,Ut enim ad minim veniam quis nostrud exercitation ullamco laboris nisi ut aliquip ex ea commodo consequat
120,Volleyball,Ut enim ad minim veniam quis nostrud exercitation ullamco laboris nisi ut aliquip ex ea commodo consequat
121,Handball,Lorem ipsum dolor sit amet  consectetur adipisicing elit sed do eiusmod tempor incididunt ut labore et dolore magna aliqua
122,Archery,Excepteur sint occaecat cupidatat non proident sunt in culpa qui officia deserunt mollit anim id est laborum
123,Bowling,Lorem ipsum dolor sit amet  consectetur adipisicing elit sed do eiusmod tempor incididunt ut labore et dolore magna aliqua
124,Darts,Excepteur sint occaecat cupidatat non proident sunt in culpa qui officia deserunt mollit anim id est laborum
125,Fishing,Lorem ipsum dolor sit amet  consectetur adipisicing elit sed do eiusmod tempor incididunt ut labore et dolore magna aliqua
126,Hunting,Excepteur sint occaecat cupidatat non proident sunt in culpa qui officia deserunt mollit anim id est laborum
127,Chess,Lorem ipsum dolor sit amet  consectetur adipisicing elit sed do eiusmod tempor incididunt ut labore et dolore magna aliqua
128,Checkers,Ut enim ad minim veniam quis nostrud exercitation ullamco laboris nisi ut aliquip ex ea commodo consequat
129,Go,Duis aute irure dolor in reprehenderit in voluptate velit esse cillum dolore eu fugiat nulla pariatur
130,Backgammon,Excepteur sint occaecat cupidatat non proident sunt in culpa qui officia deserunt mollit anim id est laborum
131,Mahjong,Lorem ipsum dolor sit amet  consectetur adipisicing elit sed do eiusmod tempor incididunt ut labore et dolore magna aliqua
132,Dominoes,Excepteur sint occaecat cupidatat non proident sunt in culpa qui officia deserunt mollit anim id est laborum
133,Sudoku,Ut enim ad minim veniam quis nostrud exercitation ullamco laboris nisi ut aliquip ex ea commodo consequat
134,Crossword,Duis aute irure dolor in reprehenderit in voluptate velit esse cillum dolore eu fugiat nulla pariatur
135,Brain Training,Lorem ipsum dolor sit amet  consectetur adipisicing elit sed do eiusmod tempor incididunt ut labore et dolore magna aliqua
136,Board Game,Excepteur sint occaecat cupidatat non proident sunt in culpa qui officia deserunt mollit anim id est laborum
137,Card Battle,Excepteur sint occaecat cupidatat non proident sunt in culpa qui officia deserunt mollit anim id est laborum
138,Trading Card Game,Ut enim ad minim veniam quis nostrud exercitation ullamco laboris nisi ut aliquip ex ea commodo consequat
139,Collectible Card Game,Excepteur sint occaecat cupidatat non proident sunt in culpa qui officia deserunt mollit anim id est laborum
140,Deck Building,Excepteur sint occaecat cupidatat non proident sunt in culpa qui officia deserunt mollit anim id est laborum
141,Real-Time Tactics,Ut enim ad minim veniam quis nostrud exercitation ullamco laboris nisi ut aliquip ex ea commodo consequat
142,Turn-Based Tactics,Duis aute irure dolor in reprehenderit in voluptate velit esse cillum dolore eu fugiat nulla pariatur
143,Grand Strategy,Ut enim ad minim veniam quis nostrud exercitation ullamco laboris nisi ut aliquip ex ea commodo consequat
144,Economic Simulation,Lorem ipsum dolor sit amet  consectetur adipisicing elit sed do eiusmod tempor incididunt ut labore et dolore magna aliqua
145,Business Simulation,Excepteur sint occaecat cupidatat non proident sunt in culpa qui officia deserunt mollit anim id est laborum
146,Political Simulation,Lorem ipsum dolor sit amet  consectetur adipisicing elit sed do eiusmod tempor incididunt ut labore et dolore magna aliqua
147,Government Simulation,Lorem ipsum dolor sit amet  consectetur adipisicing elit sed do eiusmod tempor incididunt ut labore et dolore magna aliqua
148,Empire Building,Lorem ipsum dolor sit amet  consectetur adipisicing elit sed do eiusmod tempor incididunt ut labore et dolore magna aliqua
149,Resource Management,Excepteur sint occaecat cupidatat non proident sunt in culpa qui officia deserunt mollit anim id est laborum
150,Time Management,Duis aute irure dolor in reprehenderit in voluptate velit esse cillum dolore eu fugiat nulla pariatur
151,Puzzle Platformer,Ut enim ad minim veniam quis nostrud exercitation ullamco laboris nisi ut aliquip ex ea commodo consequat
152,Match-3,Duis aute irure dolor in reprehenderit in voluptate velit esse cillum dolore eu fugiat nulla pariatur
153,Physics Puzzle,Lorem ipsum dolor sit amet  consectetur adipisicing elit sed do eiusmod tempor incididunt ut labore et dolore magna aliqua
154,Hidden Object,Excepteur sint occaecat cupidatat non proident sunt in culpa qui officia deserunt mollit anim id est laborum
155,Escape Room,Duis aute irure dolor in reprehenderit in voluptate velit esse cillum dolore eu fugiat nulla pariatur
156,Trivia Quiz,Lorem ipsum dolor sit amet  consectetur adipisicing elit sed do eiusmod tempor incididunt ut labore et dolore magna aliqua
157,Typing Game,Excepteur sint occaecat cupidatat non proident sunt in culpa qui officia deserunt mollit anim id est laborum
158,Word Game,Lorem ipsum dolor sit amet  consectetur adipisicing elit sed do eiusmod tempor incididunt ut labore et dolore magna aliqua
159,Music Trivia,Duis aute irure dolor in reprehenderit in voluptate velit esse cillum dolore eu fugiat nulla pariatur
160,Soundtrack Game,Duis aute irure dolor in reprehenderit in voluptate velit esse cillum dolore eu fugiat nulla pariatur
161,Voice Controlled Game,Duis aute irure dolor in reprehenderit in voluptate velit esse cillum dolore eu fugiat nulla pariatur
162,Gesture Controlled Game,Duis aute irure dolor in reprehenderit in voluptate velit esse cillum dolore eu fugiat nulla pariatur
163,Narrative-Driven,Ut enim ad minim veniam quis nostrud exercitation ullamco laboris nisi ut aliquip ex ea commodo consequat
164,Choice-Based,Duis aute irure dolor in reprehenderit in voluptate velit esse cillum dolore eu fugiat nulla pariatur
165,Multiple Endings,Ut enim ad minim veniam quis nostrud exercitation ullamco laboris nisi ut aliquip ex ea commodo consequat
166,Moral Choices,Duis aute irure dolor in reprehenderit in voluptate velit esse cillum dolore eu fugiat nulla pariatur
167,Interactive Fiction,Ut enim ad minim veniam quis nostrud exercitation ullamco laboris nisi ut aliquip ex ea commodo consequat
168,Procedural Generation,Lorem ipsum dolor sit amet  consectetur adipisicing elit sed do eiusmod tempor incididunt ut labore et dolore magna aliqua
169,Permadeath,Excepteur sint occaecat cupidatat non proident sunt in culpa qui officia deserunt mollit anim id est laborum
170,Time Loop,Ut enim ad minim veniam quis nostrud exercitation ullamco laboris nisi ut aliquip ex ea commodo consequat
171,Bullet Hell,Ut enim ad minim veniam quis nostrud exercitation ullamco laboris nisi ut aliquip ex ea commodo consequat
172,Endless Runner,Lorem ipsum dolor sit amet  consectetur adipisicing elit sed do eiusmod tempor incididunt ut labore et dolore magna aliqua
173,Rhythm Action,Ut enim ad minim veniam quis nostrud exercitation ullamco laboris nisi ut aliquip ex ea commodo consequat
174,Musical Platformer,Lorem ipsum dolor sit amet  consectetur adipisicing elit sed do eiusmod tempor incididunt ut labore et dolore magna aliqua
175,Procedural Music,Excepteur sint occaecat cupidatat non proident sunt in culpa qui officia deserunt mollit anim id est laborum
176,Sound Puzzle,Excepteur sint occaecat cupidatat non proident sunt in culpa qui officia deserunt mollit anim id est laborum
177,Creative Sandbox,Ut enim ad minim veniam quis nostrud exercitation ullamco laboris nisi ut aliquip ex ea commodo consequat
178,Physics Sandbox,Duis aute irure dolor in reprehenderit in voluptate velit esse cillum dolore eu fugiat nulla pariatur
179,Automobile Simulation,Excepteur sint occaecat cupidatat non proident sunt in culpa qui officia deserunt mollit anim id est laborum
180,Racing Sim,Excepteur sint occaecat cupidatat non proident sunt in culpa qui officia deserunt mollit anim id est laborum
181,Arcade Racing,Excepteur sint occaecat cupidatat non proident sunt in culpa qui officia deserunt mollit anim id est laborum
182,Kart Racing,Ut enim ad minim veniam quis nostrud exercitation ullamco laboris nisi ut aliquip ex ea commodo consequat
183,Off-Road Racing,Excepteur sint occaecat cupidatat non proident sunt in culpa qui officia deserunt mollit anim id est laborum
184,Drift Racing,Duis aute irure dolor in reprehenderit in voluptate velit esse cillum dolore eu fugiat nulla pariatur
185,Drag Racing,Duis aute irure dolor in reprehenderit in voluptate velit esse cillum dolore eu fugiat nulla pariatur
186,Motorbike Racing,Lorem ipsum dolor sit amet  consectetur adipisicing elit sed do eiusmod tempor incididunt ut labore et dolore magna aliqua
187,Boat Racing,Ut enim ad minim veniam quis nostrud exercitation ullamco laboris nisi ut aliquip ex ea commodo consequat
188,Spaceship Racing,Duis aute irure dolor in reprehenderit in voluptate velit esse cillum dolore eu fugiat nulla pariatur
189,Flying Game,Excepteur sint occaecat cupidatat non proident sunt in culpa qui officia deserunt mollit anim id est laborum
190,Space Combat,Duis aute irure dolor in reprehenderit in voluptate velit esse cillum dolore eu fugiat nulla pariatur
191,Dogfighting,Excepteur sint occaecat cupidatat non proident sunt in culpa qui officia deserunt mollit anim id est laborum
192,Starfighter Simulation,Excepteur sint occaecat cupidatat non proident sunt in culpa qui officia deserunt mollit anim id est laborum
193,Vehicle Combat,Lorem ipsum dolor sit amet  consectetur adipisicing elit sed do eiusmod tempor incididunt ut labore et dolore magna aliqua
194,Tank Simulation,Lorem ipsum dolor sit amet  consectetur adipisicing elit sed do eiusmod tempor incididunt ut labore et dolore magna aliqua
195,Tank Battle,Excepteur sint occaecat cupidatat non proident sunt in culpa qui officia deserunt mollit anim id est laborum
196,Naval Battle,Duis aute irure dolor in reprehenderit in voluptate velit esse cillum dolore eu fugiat nulla pariatur
197,Battleship Simulation,Ut enim ad minim veniam quis nostrud exercitation ullamco laboris nisi ut aliquip ex ea commodo consequat
198,Submarine Simulation,Duis aute irure dolor in reprehenderit in voluptate velit esse cillum dolore eu fugiat nulla pariatur
199,Train Simulation,Duis aute irure dolor in reprehenderit in voluptate velit esse cillum dolore eu fugiat nulla pariatur
200,Bus Simulation,Duis aute irure dolor in reprehenderit in voluptate velit esse cillum dolore eu fugiat nulla pariatur
201,Truck Simulation,Excepteur sint occaecat cupidatat non proident sunt in culpa qui officia deserunt mollit anim id est laborum
202,Heavy Machinery,Ut enim ad minim veniam quis nostrud exercitation ullamco laboris nisi ut aliquip ex ea commodo consequat
203,Farming Simulation,Duis aute irure dolor in reprehenderit in voluptate velit esse cillum dolore eu fugiat nulla pariatur
204,Construction Simulation,Duis aute irure dolor in reprehenderit in voluptate velit esse cillum dolore eu fugiat nulla pariatur
205,Demolition Game,Lorem ipsum dolor sit amet  consectetur adipisicing elit sed do eiusmod tempor incididunt ut labore et dolore magna aliqua
206,Architectural Simulation,Ut enim ad minim veniam quis nostrud exercitation ullamco laboris nisi ut aliquip ex ea commodo consequat
207,Interior Design,Lorem ipsum dolor sit amet  consectetur adipisicing elit sed do eiusmod tempor incididunt ut labore et dolore magna aliqua
208,Civil Engineering,Duis aute irure dolor in reprehenderit in voluptate velit esse cillum dolore eu fugiat nulla pariatur
209,Bridge Building,Excepteur sint occaecat cupidatat non proident sunt in culpa qui officia deserunt mollit anim id est laborum
210,Tower Building,Excepteur sint occaecat cupidatat non proident sunt in culpa qui officia deserunt mollit anim id est laborum
211,City Planning,Lorem ipsum dolor sit amet  consectetur adipisicing elit sed do eiusmod tempor incididunt ut labore et dolore magna aliqua
212,Urban Design,Lorem ipsum dolor sit amet  consectetur adipisicing elit sed do eiusmod tempor incididunt ut labore et dolore magna aliqua
213,Arcade Shooter,Duis aute irure dolor in reprehenderit in voluptate velit esse cillum dolore eu fugiat nulla pariatur
214,Side-Scrolling Shooter,Lorem ipsum dolor sit amet  consectetur adipisicing elit sed do eiusmod tempor incididunt ut labore et dolore magna aliqua
215,Vertical Shooter,Lorem ipsum dolor sit amet  consectetur adipisicing elit sed do eiusmod tempor incididunt ut labore et dolore magna aliqua
216,Isometric Shooter,Ut enim ad minim veniam quis nostrud exercitation ullamco laboris nisi ut aliquip ex ea commodo consequat
217,Twin-Stick Shooter,Ut enim ad minim veniam quis nostrud exercitation ullamco laboris nisi ut aliquip ex ea commodo consequat
218,Bullet Hell Shooter,Ut enim ad minim veniam quis nostrud exercitation ullamco laboris nisi ut aliquip ex ea commodo consequat
219,Light Gun Game,Ut enim ad minim veniam quis nostrud exercitation ullamco laboris nisi ut aliquip ex ea commodo consequat
220,On-Rails Shooter,Duis aute irure dolor in reprehenderit in voluptate velit esse cillum dolore eu fugiat nulla pariatur
221,Duck Hunt,Duis aute irure dolor in reprehenderit in voluptate velit esse cillum dolore eu fugiat nulla pariatur
222,Sniper Game,Duis aute irure dolor in reprehenderit in voluptate velit esse cillum dolore eu fugiat nulla pariatur
223,Stealth Shooter,Duis aute irure dolor in reprehenderit in voluptate velit esse cillum dolore eu fugiat nulla pariatur
224,Tactical Shooter,Duis aute irure dolor in reprehenderit in voluptate velit esse cillum dolore eu fugiat nulla pariatur
225,Cover Shooter,Lorem ipsum dolor sit amet  consectetur adipisicing elit sed do eiusmod tempor incididunt ut labore et dolore magna aliqua
226,Run and Gun,Lorem ipsum dolor sit amet  consectetur adipisicing elit sed do eiusmod tempor incididunt ut labore et dolore magna aliqua
227,Top-Down Shooter,Excepteur sint occaecat cupidatat non proident sunt in culpa qui officia deserunt mollit anim id est laborum
228,Dungeon Crawler,Ut enim ad minim veniam quis nostrud exercitation ullamco laboris nisi ut aliquip ex ea commodo consequat
229,Roguelike Dungeon,Excepteur sint occaecat cupidatat non proident sunt in culpa qui officia deserunt mollit anim id est laborum
230,Action RPG,Excepteur sint occaecat cupidatat non proident sunt in culpa qui officia deserunt mollit anim id est laborum
231,Tactical RPG,Lorem ipsum dolor sit amet  consectetur adipisicing elit sed do eiusmod tempor incididunt ut labore et dolore magna aliqua
232,Strategy RPG,Ut enim ad minim veniam quis nostrud exercitation ullamco laboris nisi ut aliquip ex ea commodo consequat
233,JRPG,Duis aute irure dolor in reprehenderit in voluptate velit esse cillum dolore eu fugiat nulla pariatur
234,WRPG,Duis aute irure dolor in reprehenderit in voluptate velit esse cillum dolore eu fugiat nulla pariatur
235,Story-Driven RPG,Lorem ipsum dolor sit amet  consectetur adipisicing elit sed do eiusmod tempor incididunt ut labore et dolore magna aliqua
236,Open World RPG,Duis aute irure dolor in reprehenderit in voluptate velit esse cillum dolore eu fugiat nulla pariatur
237,Party-Based RPG,Excepteur sint occaecat cupidatat non proident sunt in culpa qui officia deserunt mollit anim id est laborum
238,Looter Shooter,Excepteur sint occaecat cupidatat non proident sunt in culpa qui officia deserunt mollit anim id est laborum
239,Survival Horror,Excepteur sint occaecat cupidatat non proident sunt in culpa qui officia deserunt mollit anim id est laborum
240,Psychological Horror,Ut enim ad minim veniam quis nostrud exercitation ullamco laboris nisi ut aliquip ex ea commodo consequat
241,Supernatural Horror,Duis aute irure dolor in reprehenderit in voluptate velit esse cillum dolore eu fugiat nulla pariatur
242,Monster Horror,Duis aute irure dolor in reprehenderit in voluptate velit esse cillum dolore eu fugiat nulla pariatur
243,Slasher Horror,Duis aute irure dolor in reprehenderit in voluptate velit esse cillum dolore eu fugiat nulla pariatur
244,Escape Game,Duis aute irure dolor in reprehenderit in voluptate velit esse cillum dolore eu fugiat nulla pariatur
245,Survival Sim,Duis aute irure dolor in reprehenderit in voluptate velit esse cillum dolore eu fugiat nulla pariatur
246,Base Building,Duis aute irure dolor in reprehenderit in voluptate velit esse cillum dolore eu fugiat nulla pariatur
247,Crafting Survival,Lorem ipsum dolor sit amet  consectetur adipisicing elit sed do eiusmod tempor incididunt ut labore et dolore magna aliqua
248,Hardcore Survival,Ut enim ad minim veniam quis nostrud exercitation ullamco laboris nisi ut aliquip ex ea commodo consequat
249,Zombie Survival,Ut enim ad minim veniam quis nostrud exercitation ullamco laboris nisi ut aliquip ex ea commodo consequat
250,Post-Apocalyptic Survival,Duis aute irure dolor in reprehenderit in voluptate velit esse cillum dolore eu fugiat nulla pariatur
251,Alien Invasion,Ut enim ad minim veniam quis nostrud exercitation ullamco laboris nisi ut aliquip ex ea commodo consequat
252,Caveman Simulation,Lorem ipsum dolor sit amet  consectetur adipisicing elit sed do eiusmod tempor incididunt ut labore et dolore magna aliqua
253,Time Travel,Ut enim ad minim veniam quis nostrud exercitation ullamco laboris nisi ut aliquip ex ea commodo consequat
254,Alternate History,Excepteur sint occaecat cupidatat non proident sunt in culpa qui officia deserunt mollit anim id est laborum
255,Folk Tales,Duis aute irure dolor in reprehenderit in voluptate velit esse cillum dolore eu fugiat nulla pariatur
256,Mythology,Duis aute irure dolor in reprehenderit in voluptate velit esse cillum dolore eu fugiat nulla pariatur
257,Legends,Ut enim ad minim veniam quis nostrud exercitation ullamco laboris nisi ut aliquip ex ea commodo consequat
258,Fairy Tales,Ut enim ad minim veniam quis nostrud exercitation ullamco laboris nisi ut aliquip ex ea commodo consequat
259,Folklore,Duis aute irure dolor in reprehenderit in voluptate velit esse cillum dolore eu fugiat nulla pariatur
260,Epic Fantasy,Duis aute irure dolor in reprehenderit in voluptate velit esse cillum dolore eu fugiat nulla pariatur
261,Dark Fantasy,Ut enim ad minim veniam quis nostrud exercitation ullamco laboris nisi ut aliquip ex ea commodo consequat
262,High Fantasy,Lorem ipsum dolor sit amet  consectetur adipisicing elit sed do eiusmod tempor incididunt ut labore et dolore magna aliqua
263,Sword and Sorcery,Excepteur sint occaecat cupidatat non proident sunt in culpa qui officia deserunt mollit anim id est laborum
264,Grimdark,Lorem ipsum dolor sit amet  consectetur adipisicing elit sed do eiusmod tempor incididunt ut labore et dolore magna aliqua
265,Heroic Fantasy,Lorem ipsum dolor sit amet  consectetur adipisicing elit sed do eiusmod tempor incididunt ut labore et dolore magna aliqua
266,Lovecraftian Horror,Lorem ipsum dolor sit amet  consectetur adipisicing elit sed do eiusmod tempor incididunt ut labore et dolore magna aliqua
267,Urban Fantasy,Lorem ipsum dolor sit amet  consectetur adipisicing elit sed do eiusmod tempor incididunt ut labore et dolore magna aliqua
268,Magical Realism,Duis aute irure dolor in reprehenderit in voluptate velit esse cillum dolore eu fugiat nulla pariatur
269,Hard Science Fiction,Ut enim ad minim veniam quis nostrud exercitation ullamco laboris nisi ut aliquip ex ea commodo consequat
270,Space Opera,Excepteur sint occaecat cupidatat non proident sunt in culpa qui officia deserunt mollit anim id est laborum
271,Military Science Fiction,Excepteur sint occaecat cupidatat non proident sunt in culpa qui officia deserunt mollit anim id est laborum
272,Cyberpunk RPG,Duis aute irure dolor in reprehenderit in voluptate velit esse cillum dolore eu fugiat nulla pariatur
273,Post-Cyberpunk,Lorem ipsum dolor sit amet  consectetur adipisicing elit sed do eiusmod tempor incididunt ut labore et dolore magna aliqua
274,Steampunk RPG,Ut enim ad minim veniam quis nostrud exercitation ullamco laboris nisi ut aliquip ex ea commodo consequat
275,Dieselpunk,Duis aute irure dolor in reprehenderit in voluptate velit esse cillum dolore eu fugiat nulla pariatur
276,Atompunk,Lorem ipsum dolor sit amet  consectetur adipisicing elit sed do eiusmod tempor incididunt ut labore et dolore magna aliqua
277,Biopunk,Excepteur sint occaecat cupidatat non proident sunt in culpa qui officia deserunt mollit anim id est laborum
278,Ecotopia,Lorem ipsum dolor sit amet  consectetur adipisicing elit sed do eiusmod tempor incididunt ut labore et dolore magna aliqua
279,Near-Future,Duis aute irure dolor in reprehenderit in voluptate velit esse cillum dolore eu fugiat nulla pariatur
280,Dystopian,Excepteur sint occaecat cupidatat non proident sunt in culpa qui officia deserunt mollit anim id est laborum
281,Utopian,Excepteur sint occaecat cupidatat non proident sunt in culpa qui officia deserunt mollit anim id est laborum
282,Climate Fiction,Lorem ipsum dolor sit amet  consectetur adipisicing elit sed do eiusmod tempor incididunt ut labore et dolore magna aliqua
283,Anthropomorphized Animals,Duis aute irure dolor in reprehenderit in voluptate velit esse cillum dolore eu fugiat nulla pariatur
284,Kaiju Games,Ut enim ad minim veniam quis nostrud exercitation ullamco laboris nisi ut aliquip ex ea commodo consequat
285,Giant Robots,Excepteur sint occaecat cupidatat non proident sunt in culpa qui officia deserunt mollit anim id est laborum
286,Mecha RPG,Ut enim ad minim veniam quis nostrud exercitation ullamco laboris nisi ut aliquip ex ea commodo consequat
287,Hero Shooter,Excepteur sint occaecat cupidatat non proident sunt in culpa qui officia deserunt mollit anim id est laborum
288,Battle Royale,Lorem ipsum dolor sit amet  consectetur adipisicing elit sed do eiusmod tempor incididunt ut labore et dolore magna aliqua
289,Social Deduction,Ut enim ad minim veniam quis nostrud exercitation ullamco laboris nisi ut aliquip ex ea commodo consequat
290,Team-Based Game,Excepteur sint occaecat cupidatat non proident sunt in culpa qui officia deserunt mollit anim id est laborum
291,Co-Op Multiplayer,Lorem ipsum dolor sit amet  consectetur adipisicing elit sed do eiusmod tempor incididunt ut labore et dolore magna aliqua
292,Asymmetrical Multiplayer,Ut enim ad minim veniam quis nostrud exercitation ullamco laboris nisi ut aliquip ex ea commodo consequat
293,Persistent Online World,Excepteur sint occaecat cupidatat non proident sunt in culpa qui officia deserunt mollit anim id est laborum
294,Massively Multiplayer Online,Duis aute irure dolor in reprehenderit in voluptate velit esse cillum dolore eu fugiat nulla pariatur
295,VR RPG,Ut enim ad minim veniam quis nostrud exercitation ullamco laboris nisi ut aliquip ex ea commodo consequat
296,Augmented Reality RPG,Excepteur sint occaecat cupidatat non proident sunt in culpa qui officia deserunt mollit anim id est laborum
297,Mind Control,Duis aute irure dolor in reprehenderit in voluptate velit esse cillum dolore eu fugiat nulla pariatur
298,Underwater Exploration,Duis aute irure dolor in reprehenderit in voluptate velit esse cillum dolore eu fugiat nulla pariatur
299,Deep Sea Survival,Lorem ipsum dolor sit amet  consectetur adipisicing elit sed do eiusmod tempor incididunt ut labore et dolore magna aliqua
300,Ancient Civilization,Lorem ipsum dolor sit amet  consectetur adipisicing elit sed do eiusmod tempor incididunt ut labore et dolore magna aliqua
301,Cultural Simulation,Excepteur sint occaecat cupidatat non proident sunt in culpa qui officia deserunt mollit anim id est laborum
302,Mythic Adventure,Excepteur sint occaecat cupidatat non proident sunt in culpa qui officia deserunt mollit anim id est laborum
303,Historical Fantasy,Duis aute irure dolor in reprehenderit in voluptate velit esse cillum dolore eu fugiat nulla pariatur
304,Alternate Universe,Duis aute irure dolor in reprehenderit in voluptate velit esse cillum dolore eu fugiat nulla pariatur
305,Dreamscape,Ut enim ad minim veniam quis nostrud exercitation ullamco laboris nisi ut aliquip ex ea commodo consequat
306,Puzzle Horror,Duis aute irure dolor in reprehenderit in voluptate velit esse cillum dolore eu fugiat nulla pariatur
307,Survival Puzzle,Duis aute irure dolor in reprehenderit in voluptate velit esse cillum dolore eu fugiat nulla pariatur
308,Mystery Puzzle,Ut enim ad minim veniam quis nostrud exercitation ullamco laboris nisi ut aliquip ex ea commodo consequat
309,Paranormal Investigation,Ut enim ad minim veniam quis nostrud exercitation ullamco laboris nisi ut aliquip ex ea commodo consequat
310,Detective Puzzle,Ut enim ad minim veniam quis nostrud exercitation ullamco laboris nisi ut aliquip ex ea commodo consequat
311,Forensic Game,Excepteur sint occaecat cupidatat non proident sunt in culpa qui officia deserunt mollit anim id est laborum
312,Crime Solving,Lorem ipsum dolor sit amet  consectetur adipisicing elit sed do eiusmod tempor incididunt ut labore et dolore magna aliqua
313,Cold Case Investigation,Duis aute irure dolor in reprehenderit in voluptate velit esse cillum dolore eu fugiat nulla pariatur
314,Private Investigator,Lorem ipsum dolor sit amet  consectetur adipisicing elit sed do eiusmod tempor incididunt ut labore et dolore magna aliqua
315,Lawyer Simulation,Excepteur sint occaecat cupidatat non proident sunt in culpa qui officia deserunt mollit anim id est laborum
316,Courtroom Drama,Ut enim ad minim veniam quis nostrud exercitation ullamco laboris nisi ut aliquip ex ea commodo consequat
317,Legal Puzzle,Lorem ipsum dolor sit amet  consectetur adipisicing elit sed do eiusmod tempor incididunt ut labore et dolore magna aliqua
318,Medical Simulation,Duis aute irure dolor in reprehenderit in voluptate velit esse cillum dolore eu fugiat nulla pariatur
319,Hospital Management,Ut enim ad minim veniam quis nostrud exercitation ullamco laboris nisi ut aliquip ex ea commodo consequat
320,Surgery Game,Lorem ipsum dolor sit amet  consectetur adipisicing elit sed do eiusmod tempor incididunt ut labore et dolore magna aliqua
321,Forensic Simulation,Lorem ipsum dolor sit amet  consectetur adipisicing elit sed do eiusmod tempor incididunt ut labore et dolore magna aliqua
322,Doctor Simulation,Ut enim ad minim veniam quis nostrud exercitation ullamco laboris nisi ut aliquip ex ea commodo consequat
323,Nurse Simulation,Lorem ipsum dolor sit amet  consectetur adipisicing elit sed do eiusmod tempor incididunt ut labore et dolore magna aliqua
324,EMT Simulation,Duis aute irure dolor in reprehenderit in voluptate velit esse cillum dolore eu fugiat nulla pariatur
325,Firefighter Simulation,Lorem ipsum dolor sit amet  consectetur adipisicing elit sed do eiusmod tempor incididunt ut labore et dolore magna aliqua
326,Police Simulation,Lorem ipsum dolor sit amet  consectetur adipisicing elit sed do eiusmod tempor incididunt ut labore et dolore magna aliqua
327,Airport Simulation,Lorem ipsum dolor sit amet  consectetur adipisicing elit sed do eiusmod tempor incididunt ut labore et dolore magna aliqua
328,Air Traffic Control,Ut enim ad minim veniam quis nostrud exercitation ullamco laboris nisi ut aliquip ex ea commodo consequat
329,Train Conductor,Duis aute irure dolor in reprehenderit in voluptate velit esse cillum dolore eu fugiat nulla pariatur
330,Space Station Management,Ut enim ad minim veniam quis nostrud exercitation ullamco laboris nisi ut aliquip ex ea commodo consequat
331,Spaceship Construction,Excepteur sint occaecat cupidatat non proident sunt in culpa qui officia deserunt mollit anim id est laborum
332,Starship Simulation,Ut enim ad minim veniam quis nostrud exercitation ullamco laboris nisi ut aliquip ex ea commodo consequat
333,Space Mining,Ut enim ad minim veniam quis nostrud exercitation ullamco laboris nisi ut aliquip ex ea commodo consequat
334,Interstellar Trading,Excepteur sint occaecat cupidatat non proident sunt in culpa qui officia deserunt mollit anim id est laborum
335,Alien Diplomacy,Excepteur sint occaecat cupidatat non proident sunt in culpa qui officia deserunt mollit anim id est laborum
336,First Contact,Duis aute irure dolor in reprehenderit in voluptate velit esse cillum dolore eu fugiat nulla pariatur
337,Colonization,Duis aute irure dolor in reprehenderit in voluptate velit esse cillum dolore eu fugiat nulla pariatur
338,Terraforming,Excepteur sint occaecat cupidatat non proident sunt in culpa qui officia deserunt mollit anim id est laborum
339,Sci-Fi Strategy,Lorem ipsum dolor sit amet  consectetur adipisicing elit sed do eiusmod tempor incididunt ut labore et dolore magna aliqua
340,Exoplanet Exploration,Lorem ipsum dolor sit amet  consectetur adipisicing elit sed do eiusmod tempor incididunt ut labore et dolore magna aliqua
341,Black Hole Exploration,Duis aute irure dolor in reprehenderit in voluptate velit esse cillum dolore eu fugiat nulla pariatur
342,Quantum Physics Puzzle,Ut enim ad minim veniam quis nostrud exercitation ullamco laboris nisi ut aliquip ex ea commodo consequat
343,Time Dilation,Lorem ipsum dolor sit amet  consectetur adipisicing elit sed do eiusmod tempor incididunt ut labore et dolore magna aliqua
344,Time Manipulation,Duis aute irure dolor in reprehenderit in voluptate velit esse cillum dolore eu fugiat nulla pariatur
345,Dimension Hopping,Lorem ipsum dolor sit amet  consectetur adipisicing elit sed do eiusmod tempor incididunt ut labore et dolore magna aliqua
346,Reality-Bending Puzzle,Duis aute irure dolor in reprehenderit in voluptate velit esse cillum dolore eu fugiat nulla pariatur
347,Mind-Bending Platformer,Ut enim ad minim veniam quis nostrud exercitation ullamco laboris nisi ut aliquip ex ea commodo consequat
348,Psychological Puzzle,Ut enim ad minim veniam quis nostrud exercitation ullamco laboris nisi ut aliquip ex ea commodo consequat
349,Dream Exploration,Lorem ipsum dolor sit amet  consectetur adipisicing elit sed do eiusmod tempor incididunt ut labore et dolore magna aliqua
350,Subconscious Adventure,Ut enim ad minim veniam quis nostrud exercitation ullamco laboris nisi ut aliquip ex ea commodo consequat
351,Thought Experiment,Lorem ipsum dolor sit amet  consectetur adipisicing elit sed do eiusmod tempor incididunt ut labore et dolore magna aliqua
352,Philosophical Puzzle,Ut enim ad minim veniam quis nostrud exercitation ullamco laboris nisi ut aliquip ex ea commodo consequat
353,Moral Dilemmas,Lorem ipsum dolor sit amet  consectetur adipisicing elit sed do eiusmod tempor incididunt ut labore et dolore magna aliqua
354,Existential Puzzle,Duis aute irure dolor in reprehenderit in voluptate velit esse cillum dolore eu fugiat nulla pariatur
355,Human Condition Simulation,Duis aute irure dolor in reprehenderit in voluptate velit esse cillum dolore eu fugiat nulla pariatur
356,Utopian Puzzle,Excepteur sint occaecat cupidatat non proident sunt in culpa qui officia deserunt mollit anim id est laborum
357,Dystopian Puzzle,Ut enim ad minim veniam quis nostrud exercitation ullamco laboris nisi ut aliquip ex ea commodo consequat
358,Religious Exploration,Ut enim ad minim veniam quis nostrud exercitation ullamco laboris nisi ut aliquip ex ea commodo consequat
359,Mythic Exploration,Ut enim ad minim veniam quis nostrud exercitation ullamco laboris nisi ut aliquip ex ea commodo consequat
360,Esoteric Puzzle,Ut enim ad minim veniam quis nostrud exercitation ullamco laboris nisi ut aliquip ex ea commodo consequat
361,Mystical Adventure,Lorem ipsum dolor sit amet  consectetur adipisicing elit sed do eiusmod tempor incididunt ut labore et dolore magna aliqua
362,Occult Puzzle,Lorem ipsum dolor sit amet  consectetur adipisicing elit sed do eiusmod tempor incididunt ut labore et dolore magna aliqua
363,Shamanic Journey,Excepteur sint occaecat cupidatat non proident sunt in culpa qui officia deserunt mollit anim id est laborum
364,Psychic Powers,Duis aute irure dolor in reprehenderit in voluptate velit esse cillum dolore eu fugiat nulla pariatur
365,Telekinesis Game,Duis aute irure dolor in reprehenderit in voluptate velit esse cillum dolore eu fugiat nulla pariatur
366,Mind Control Puzzle,Excepteur sint occaecat cupidatat non proident sunt in culpa qui officia deserunt mollit anim id est laborum
367,Telepathy Game,Duis aute irure dolor in reprehenderit in voluptate velit esse cillum dolore eu fugiat nulla pariatur
368,Brainwave Puzzle,Duis aute irure dolor in reprehenderit in voluptate velit esse cillum dolore eu fugiat nulla pariatur
369,Synesthesia Puzzle,Lorem ipsum dolor sit amet  consectetur adipisicing elit sed do eiusmod tempor incididunt ut labore et dolore magna aliqua
370,Lucid Dreaming,Excepteur sint occaecat cupidatat non proident sunt in culpa qui officia deserunt mollit anim id est laborum
371,Astral Projection,Duis aute irure dolor in reprehenderit in voluptate velit esse cillum dolore eu fugiat nulla pariatur
372,Out of Body Experience,Duis aute irure dolor in reprehenderit in voluptate velit esse cillum dolore eu fugiat nulla pariatur
373,Near-Death Experience,Lorem ipsum dolor sit amet  consectetur adipisicing elit sed do eiusmod tempor incididunt ut labore et dolore magna aliqua
374,Reincarnation Puzzle,Duis aute irure dolor in reprehenderit in voluptate velit esse cillum dolore eu fugiat nulla pariatur
375,Life Simulation,Lorem ipsum dolor sit amet  consectetur adipisicing elit sed do eiusmod tempor incididunt ut labore et dolore magna aliqua
376,Death Simulation,Ut enim ad minim veniam quis nostrud exercitation ullamco laboris nisi ut aliquip ex ea commodo consequat
377,Soul Puzzle,Ut enim ad minim veniam quis nostrud exercitation ullamco laboris nisi ut aliquip ex ea commodo consequat
378,Consciousness Puzzle,Ut enim ad minim veniam quis nostrud exercitation ullamco laboris nisi ut aliquip ex ea commodo consequat
379,Reality Simulation,Duis aute irure dolor in reprehenderit in voluptate velit esse cillum dolore eu fugiat nulla pariatur
380,Simulation of Everything,Ut enim ad minim veniam quis nostrud exercitation ullamco laboris nisi ut aliquip ex ea commodo consequat
381,Godlike Powers,Duis aute irure dolor in reprehenderit in voluptate velit esse cillum dolore eu fugiat nulla pariatur
382,Cosmic Entity Puzzle,Duis aute irure dolor in reprehenderit in voluptate velit esse cillum dolore eu fugiat nulla pariatur
