Title,ReleaseDate,Genre,DeveloperID,MinSystemRequirements
Game-0,2021-09-16,Adventure,275,CPU: 2GHz, RAM: 4GB, HDD: 20GB
Game-1,2023-09-16,Action,212,CPU: 2GHz, RAM: 4GB, HDD: 20GB
Game-2,2015-09-16,Action,854,CPU: 2GHz, RAM: 4GB, HDD: 20GB
Game-3,2022-09-16,Action,137,CPU: 2GHz, RAM: 4GB, HDD: 20GB
Game-4,2020-09-16,Adventure,539,CPU: 2GHz, RAM: 4GB, HDD: 20GB
Game-5,2016-09-16,Strategy,856,CPU: 2GHz, RAM: 4GB, HDD: 20GB
Game-6,2021-09-16,Action,258,CPU: 2GHz, RAM: 4GB, HDD: 20GB
Game-7,2018-09-16,Action,931,CPU: 2GHz, RAM: 4GB, HDD: 20GB
Game-8,2022-09-16,Strategy,381,CPU: 2GHz, RAM: 4GB, HDD: 20GB
Game-9,2017-09-16,Strategy,446,CPU: 2GHz, RAM: 4GB, HDD: 20GB
Game-10,2017-09-16,Adventure,178,CPU: 2GHz, RAM: 4GB, HDD: 20GB
Game-11,2018-09-16,Strategy,555,CPU: 2GHz, RAM: 4GB, HDD: 20GB
Game-12,2015-09-16,Strategy,245,CPU: 2GHz, RAM: 4GB, HDD: 20GB
Game-13,2015-09-16,Action,283,CPU: 2GHz, RAM: 4GB, HDD: 20GB
Game-14,2018-09-16,Action,400,CPU: 2GHz, RAM: 4GB, HDD: 20GB
Game-15,2020-09-16,Action,287,CPU: 2GHz, RAM: 4GB, HDD: 20GB
Game-16,2020-09-16,Strategy,24,CPU: 2GHz, RAM: 4GB, HDD: 20GB
Game-17,2018-09-16,Action,989,CPU: 2GHz, RAM: 4GB, HDD: 20GB
Game-18,2021-09-16,Action,695,CPU: 2GHz, RAM: 4GB, HDD: 20GB
Game-19,2023-09-16,Adventure,731,CPU: 2GHz, RAM: 4GB, HDD: 20GB
Game-20,2022-09-16,Action,115,CPU: 2GHz, RAM: 4GB, HDD: 20GB
Game-21,2016-09-16,Adventure,380,CPU: 2GHz, RAM: 4GB, HDD: 20GB
Game-22,2021-09-16,Adventure,610,CPU: 2GHz, RAM: 4GB, HDD: 20GB
Game-23,2021-09-16,Action,711,CPU: 2GHz, RAM: 4GB, HDD: 20GB
Game-24,2021-09-16,Action,960,CPU: 2GHz, RAM: 4GB, HDD: 20GB
Game-25,2018-09-16,Strategy,177,CPU: 2GHz, RAM: 4GB, HDD: 20GB
Game-26,2020-09-16,Adventure,193,CPU: 2GHz, RAM: 4GB, HDD: 20GB
Game-27,2021-09-16,Action,964,CPU: 2GHz, RAM: 4GB, HDD: 20GB
Game-28,2019-09-16,Strategy,316,CPU: 2GHz, RAM: 4GB, HDD: 20GB
Game-29,2015-09-16,Adventure,770,CPU: 2GHz, RAM: 4GB, HDD: 20GB
Game-30,2019-09-16,Action,256,CPU: 2GHz, RAM: 4GB, HDD: 20GB
Game-31,2018-09-16,Strategy,171,CPU: 2GHz, RAM: 4GB, HDD: 20GB
Game-32,2020-09-16,Action,52,CPU: 2GHz, RAM: 4GB, HDD: 20GB
Game-33,2022-09-16,Action,216,CPU: 2GHz, RAM: 4GB, HDD: 20GB
Game-34,2019-09-16,Strategy,484,CPU: 2GHz, RAM: 4GB, HDD: 20GB
Game-35,2019-09-16,Adventure,72,CPU: 2GHz, RAM: 4GB, HDD: 20GB
Game-36,2015-09-16,Action,706,CPU: 2GHz, RAM: 4GB, HDD: 20GB
Game-37,2017-09-16,Action,932,CPU: 2GHz, RAM: 4GB, HDD: 20GB
Game-38,2016-09-16,Adventure,780,CPU: 2GHz, RAM: 4GB, HDD: 20GB
Game-39,2018-09-16,Action,3,CPU: 2GHz, RAM: 4GB, HDD: 20GB
Game-40,2023-09-16,Strategy,927,CPU: 2GHz, RAM: 4GB, HDD: 20GB
Game-41,2018-09-16,Strategy,208,CPU: 2GHz, RAM: 4GB, HDD: 20GB
Game-42,2021-09-16,Strategy,746,CPU: 2GHz, RAM: 4GB, HDD: 20GB
Game-43,2018-09-16,Action,965,CPU: 2GHz, RAM: 4GB, HDD: 20GB
Game-44,2020-09-16,Action,254,CPU: 2GHz, RAM: 4GB, HDD: 20GB
Game-45,2018-09-16,Strategy,692,CPU: 2GHz, RAM: 4GB, HDD: 20GB
Game-46,2019-09-16,Adventure,420,CPU: 2GHz, RAM: 4GB, HDD: 20GB
Game-47,2015-09-16,Adventure,61,CPU: 2GHz, RAM: 4GB, HDD: 20GB
Game-48,2022-09-16,Strategy,13,CPU: 2GHz, RAM: 4GB, HDD: 20GB
Game-49,2019-09-16,Action,374,CPU: 2GHz, RAM: 4GB, HDD: 20GB
Game-50,2022-09-16,Action,875,CPU: 2GHz, RAM: 4GB, HDD: 20GB
Game-51,2022-09-16,Action,591,CPU: 2GHz, RAM: 4GB, HDD: 20GB
Game-52,2020-09-16,Strategy,17,CPU: 2GHz, RAM: 4GB, HDD: 20GB
Game-53,2018-09-16,Strategy,780,CPU: 2GHz, RAM: 4GB, HDD: 20GB
Game-54,2019-09-16,Adventure,675,CPU: 2GHz, RAM: 4GB, HDD: 20GB
Game-55,2017-09-16,Action,174,CPU: 2GHz, RAM: 4GB, HDD: 20GB
Game-56,2017-09-16,Adventure,447,CPU: 2GHz, RAM: 4GB, HDD: 20GB
Game-57,2022-09-16,Strategy,694,CPU: 2GHz, RAM: 4GB, HDD: 20GB
Game-58,2022-09-16,Strategy,3,CPU: 2GHz, RAM: 4GB, HDD: 20GB
Game-59,2021-09-16,Adventure,329,CPU: 2GHz, RAM: 4GB, HDD: 20GB
Game-60,2016-09-16,Adventure,892,CPU: 2GHz, RAM: 4GB, HDD: 20GB
Game-61,2022-09-16,Action,787,CPU: 2GHz, RAM: 4GB, HDD: 20GB
Game-62,2015-09-16,Strategy,128,CPU: 2GHz, RAM: 4GB, HDD: 20GB
Game-63,2022-09-16,Action,367,CPU: 2GHz, RAM: 4GB, HDD: 20GB
Game-64,2015-09-16,Action,76,CPU: 2GHz, RAM: 4GB, HDD: 20GB
Game-65,2021-09-16,Action,962,CPU: 2GHz, RAM: 4GB, HDD: 20GB
Game-66,2023-09-16,Action,807,CPU: 2GHz, RAM: 4GB, HDD: 20GB
Game-67,2016-09-16,Action,601,CPU: 2GHz, RAM: 4GB, HDD: 20GB
Game-68,2018-09-16,Action,584,CPU: 2GHz, RAM: 4GB, HDD: 20GB
Game-69,2020-09-16,Adventure,966,CPU: 2GHz, RAM: 4GB, HDD: 20GB
Game-70,2016-09-16,Action,232,CPU: 2GHz, RAM: 4GB, HDD: 20GB
Game-71,2016-09-16,Strategy,2,CPU: 2GHz, RAM: 4GB, HDD: 20GB
Game-72,2022-09-16,Adventure,187,CPU: 2GHz, RAM: 4GB, HDD: 20GB
Game-73,2021-09-16,Action,691,CPU: 2GHz, RAM: 4GB, HDD: 20GB
Game-74,2016-09-16,Adventure,53,CPU: 2GHz, RAM: 4GB, HDD: 20GB
Game-75,2023-09-16,Action,580,CPU: 2GHz, RAM: 4GB, HDD: 20GB
Game-76,2022-09-16,Adventure,936,CPU: 2GHz, RAM: 4GB, HDD: 20GB
Game-77,2018-09-16,Strategy,353,CPU: 2GHz, RAM: 4GB, HDD: 20GB
Game-78,2021-09-16,Action,379,CPU: 2GHz, RAM: 4GB, HDD: 20GB
Game-79,2021-09-16,Adventure,378,CPU: 2GHz, RAM: 4GB, HDD: 20GB
Game-80,2018-09-16,Action,578,CPU: 2GHz, RAM: 4GB, HDD: 20GB
Game-81,2018-09-16,Strategy,859,CPU: 2GHz, RAM: 4GB, HDD: 20GB
Game-82,2019-09-16,Action,800,CPU: 2GHz, RAM: 4GB, HDD: 20GB
Game-83,2022-09-16,Strategy,858,CPU: 2GHz, RAM: 4GB, HDD: 20GB
Game-84,2015-09-16,Action,34,CPU: 2GHz, RAM: 4GB, HDD: 20GB
Game-85,2022-09-16,Adventure,88,CPU: 2GHz, RAM: 4GB, HDD: 20GB
Game-86,2023-09-16,Adventure,576,CPU: 2GHz, RAM: 4GB, HDD: 20GB
Game-87,2022-09-16,Strategy,221,CPU: 2GHz, RAM: 4GB, HDD: 20GB
Game-88,2021-09-16,Strategy,666,CPU: 2GHz, RAM: 4GB, HDD: 20GB
Game-89,2016-09-16,Strategy,228,CPU: 2GHz, RAM: 4GB, HDD: 20GB
Game-90,2019-09-16,Strategy,72,CPU: 2GHz, RAM: 4GB, HDD: 20GB
Game-91,2018-09-16,Adventure,484,CPU: 2GHz, RAM: 4GB, HDD: 20GB
Game-92,2023-09-16,Adventure,491,CPU: 2GHz, RAM: 4GB, HDD: 20GB
Game-93,2016-09-16,Strategy,952,CPU: 2GHz, RAM: 4GB, HDD: 20GB
Game-94,2019-09-16,Adventure,999,CPU: 2GHz, RAM: 4GB, HDD: 20GB
Game-95,2015-09-16,Adventure,563,CPU: 2GHz, RAM: 4GB, HDD: 20GB
Game-96,2019-09-16,Action,167,CPU: 2GHz, RAM: 4GB, HDD: 20GB
Game-97,2016-09-16,Action,512,CPU: 2GHz, RAM: 4GB, HDD: 20GB
Game-98,2019-09-16,Strategy,675,CPU: 2GHz, RAM: 4GB, HDD: 20GB
Game-99,2020-09-16,Adventure,296,CPU: 2GHz, RAM: 4GB, HDD: 20GB
Game-100,2021-09-16,Action,386,CPU: 2GHz, RAM: 4GB, HDD: 20GB
Game-101,2023-09-16,Action,895,CPU: 2GHz, RAM: 4GB, HDD: 20GB
Game-102,2021-09-16,Strategy,257,CPU: 2GHz, RAM: 4GB, HDD: 20GB
Game-103,2022-09-16,Adventure,194,CPU: 2GHz, RAM: 4GB, HDD: 20GB
Game-104,2019-09-16,Strategy,634,CPU: 2GHz, RAM: 4GB, HDD: 20GB
Game-105,2023-09-16,Strategy,524,CPU: 2GHz, RAM: 4GB, HDD: 20GB
Game-106,2021-09-16,Strategy,163,CPU: 2GHz, RAM: 4GB, HDD: 20GB
Game-107,2020-09-16,Strategy,78,CPU: 2GHz, RAM: 4GB, HDD: 20GB
Game-108,2019-09-16,Action,956,CPU: 2GHz, RAM: 4GB, HDD: 20GB
Game-109,2018-09-16,Adventure,411,CPU: 2GHz, RAM: 4GB, HDD: 20GB
Game-110,2020-09-16,Action,425,CPU: 2GHz, RAM: 4GB, HDD: 20GB
Game-111,2018-09-16,Strategy,367,CPU: 2GHz, RAM: 4GB, HDD: 20GB
Game-112,2016-09-16,Adventure,162,CPU: 2GHz, RAM: 4GB, HDD: 20GB
Game-113,2018-09-16,Adventure,452,CPU: 2GHz, RAM: 4GB, HDD: 20GB
Game-114,2019-09-16,Strategy,38,CPU: 2GHz, RAM: 4GB, HDD: 20GB
Game-115,2019-09-16,Adventure,668,CPU: 2GHz, RAM: 4GB, HDD: 20GB
Game-116,2021-09-16,Adventure,516,CPU: 2GHz, RAM: 4GB, HDD: 20GB
Game-117,2019-09-16,Strategy,995,CPU: 2GHz, RAM: 4GB, HDD: 20GB
Game-118,2019-09-16,Adventure,749,CPU: 2GHz, RAM: 4GB, HDD: 20GB
Game-119,2015-09-16,Strategy,164,CPU: 2GHz, RAM: 4GB, HDD: 20GB
Game-120,2015-09-16,Strategy,559,CPU: 2GHz, RAM: 4GB, HDD: 20GB
Game-121,2021-09-16,Adventure,622,CPU: 2GHz, RAM: 4GB, HDD: 20GB
Game-122,2022-09-16,Adventure,585,CPU: 2GHz, RAM: 4GB, HDD: 20GB
Game-123,2020-09-16,Adventure,858,CPU: 2GHz, RAM: 4GB, HDD: 20GB
Game-124,2015-09-16,Action,3,CPU: 2GHz, RAM: 4GB, HDD: 20GB
Game-125,2020-09-16,Strategy,670,CPU: 2GHz, RAM: 4GB, HDD: 20GB
Game-126,2021-09-16,Adventure,347,CPU: 2GHz, RAM: 4GB, HDD: 20GB
Game-127,2020-09-16,Strategy,660,CPU: 2GHz, RAM: 4GB, HDD: 20GB
Game-128,2017-09-16,Strategy,835,CPU: 2GHz, RAM: 4GB, HDD: 20GB
Game-129,2019-09-16,Adventure,880,CPU: 2GHz, RAM: 4GB, HDD: 20GB
Game-130,2020-09-16,Strategy,172,CPU: 2GHz, RAM: 4GB, HDD: 20GB
Game-131,2020-09-16,Adventure,937,CPU: 2GHz, RAM: 4GB, HDD: 20GB
Game-132,2016-09-16,Action,460,CPU: 2GHz, RAM: 4GB, HDD: 20GB
Game-133,2018-09-16,Action,435,CPU: 2GHz, RAM: 4GB, HDD: 20GB
Game-134,2018-09-16,Adventure,527,CPU: 2GHz, RAM: 4GB, HDD: 20GB
Game-135,2019-09-16,Adventure,602,CPU: 2GHz, RAM: 4GB, HDD: 20GB
Game-136,2022-09-16,Adventure,267,CPU: 2GHz, RAM: 4GB, HDD: 20GB
Game-137,2019-09-16,Strategy,211,CPU: 2GHz, RAM: 4GB, HDD: 20GB
Game-138,2023-09-16,Action,627,CPU: 2GHz, RAM: 4GB, HDD: 20GB
Game-139,2015-09-16,Strategy,586,CPU: 2GHz, RAM: 4GB, HDD: 20GB
Game-140,2021-09-16,Strategy,13,CPU: 2GHz, RAM: 4GB, HDD: 20GB
Game-141,2021-09-16,Strategy,705,CPU: 2GHz, RAM: 4GB, HDD: 20GB
Game-142,2018-09-16,Action,867,CPU: 2GHz, RAM: 4GB, HDD: 20GB
Game-143,2019-09-16,Action,134,CPU: 2GHz, RAM: 4GB, HDD: 20GB
Game-144,2020-09-16,Strategy,423,CPU: 2GHz, RAM: 4GB, HDD: 20GB
Game-145,2021-09-16,Adventure,192,CPU: 2GHz, RAM: 4GB, HDD: 20GB
Game-146,2018-09-16,Action,639,CPU: 2GHz, RAM: 4GB, HDD: 20GB
Game-147,2023-09-16,Adventure,229,CPU: 2GHz, RAM: 4GB, HDD: 20GB
Game-148,2021-09-16,Strategy,112,CPU: 2GHz, RAM: 4GB, HDD: 20GB
Game-149,2018-09-16,Adventure,697,CPU: 2GHz, RAM: 4GB, HDD: 20GB
Game-150,2021-09-16,Strategy,240,CPU: 2GHz, RAM: 4GB, HDD: 20GB
Game-151,2019-09-16,Strategy,229,CPU: 2GHz, RAM: 4GB, HDD: 20GB
Game-152,2016-09-16,Strategy,260,CPU: 2GHz, RAM: 4GB, HDD: 20GB
Game-153,2020-09-16,Action,438,CPU: 2GHz, RAM: 4GB, HDD: 20GB
Game-154,2019-09-16,Adventure,408,CPU: 2GHz, RAM: 4GB, HDD: 20GB
Game-155,2023-09-16,Strategy,151,CPU: 2GHz, RAM: 4GB, HDD: 20GB
Game-156,2021-09-16,Strategy,923,CPU: 2GHz, RAM: 4GB, HDD: 20GB
Game-157,2020-09-16,Adventure,890,CPU: 2GHz, RAM: 4GB, HDD: 20GB
Game-158,2017-09-16,Strategy,114,CPU: 2GHz, RAM: 4GB, HDD: 20GB
Game-159,2015-09-16,Adventure,751,CPU: 2GHz, RAM: 4GB, HDD: 20GB
Game-160,2023-09-16,Action,425,CPU: 2GHz, RAM: 4GB, HDD: 20GB
Game-161,2016-09-16,Action,48,CPU: 2GHz, RAM: 4GB, HDD: 20GB
Game-162,2021-09-16,Adventure,238,CPU: 2GHz, RAM: 4GB, HDD: 20GB
Game-163,2020-09-16,Adventure,104,CPU: 2GHz, RAM: 4GB, HDD: 20GB
Game-164,2022-09-16,Strategy,535,CPU: 2GHz, RAM: 4GB, HDD: 20GB
Game-165,2017-09-16,Adventure,480,CPU: 2GHz, RAM: 4GB, HDD: 20GB
Game-166,2019-09-16,Strategy,266,CPU: 2GHz, RAM: 4GB, HDD: 20GB
Game-167,2022-09-16,Action,981,CPU: 2GHz, RAM: 4GB, HDD: 20GB
Game-168,2017-09-16,Adventure,72,CPU: 2GHz, RAM: 4GB, HDD: 20GB
Game-169,2017-09-16,Adventure,904,CPU: 2GHz, RAM: 4GB, HDD: 20GB
Game-170,2015-09-16,Action,430,CPU: 2GHz, RAM: 4GB, HDD: 20GB
Game-171,2018-09-16,Adventure,894,CPU: 2GHz, RAM: 4GB, HDD: 20GB
Game-172,2021-09-16,Strategy,563,CPU: 2GHz, RAM: 4GB, HDD: 20GB
Game-173,2023-09-16,Strategy,767,CPU: 2GHz, RAM: 4GB, HDD: 20GB
Game-174,2019-09-16,Adventure,974,CPU: 2GHz, RAM: 4GB, HDD: 20GB
Game-175,2023-09-16,Strategy,164,CPU: 2GHz, RAM: 4GB, HDD: 20GB
Game-176,2019-09-16,Strategy,951,CPU: 2GHz, RAM: 4GB, HDD: 20GB
Game-177,2023-09-16,Adventure,222,CPU: 2GHz, RAM: 4GB, HDD: 20GB
Game-178,2018-09-16,Action,282,CPU: 2GHz, RAM: 4GB, HDD: 20GB
Game-179,2018-09-16,Strategy,587,CPU: 2GHz, RAM: 4GB, HDD: 20GB
Game-180,2023-09-16,Strategy,112,CPU: 2GHz, RAM: 4GB, HDD: 20GB
Game-181,2018-09-16,Adventure,764,CPU: 2GHz, RAM: 4GB, HDD: 20GB
Game-182,2015-09-16,Adventure,669,CPU: 2GHz, RAM: 4GB, HDD: 20GB
Game-183,2018-09-16,Strategy,902,CPU: 2GHz, RAM: 4GB, HDD: 20GB
Game-184,2015-09-16,Adventure,515,CPU: 2GHz, RAM: 4GB, HDD: 20GB
Game-185,2021-09-16,Action,814,CPU: 2GHz, RAM: 4GB, HDD: 20GB
Game-186,2021-09-16,Action,588,CPU: 2GHz, RAM: 4GB, HDD: 20GB
Game-187,2023-09-16,Strategy,292,CPU: 2GHz, RAM: 4GB, HDD: 20GB
Game-188,2016-09-16,Strategy,806,CPU: 2GHz, RAM: 4GB, HDD: 20GB
Game-189,2023-09-16,Adventure,120,CPU: 2GHz, RAM: 4GB, HDD: 20GB
Game-190,2023-09-16,Strategy,975,CPU: 2GHz, RAM: 4GB, HDD: 20GB
Game-191,2022-09-16,Strategy,775,CPU: 2GHz, RAM: 4GB, HDD: 20GB
Game-192,2017-09-16,Action,293,CPU: 2GHz, RAM: 4GB, HDD: 20GB
Game-193,2015-09-16,Action,803,CPU: 2GHz, RAM: 4GB, HDD: 20GB
Game-194,2021-09-16,Action,694,CPU: 2GHz, RAM: 4GB, HDD: 20GB
Game-195,2016-09-16,Action,619,CPU: 2GHz, RAM: 4GB, HDD: 20GB
Game-196,2022-09-16,Action,563,CPU: 2GHz, RAM: 4GB, HDD: 20GB
Game-197,2019-09-16,Adventure,483,CPU: 2GHz, RAM: 4GB, HDD: 20GB
Game-198,2016-09-16,Strategy,37,CPU: 2GHz, RAM: 4GB, HDD: 20GB
Game-199,2020-09-16,Action,836,CPU: 2GHz, RAM: 4GB, HDD: 20GB
Game-200,2020-09-16,Adventure,571,CPU: 2GHz, RAM: 4GB, HDD: 20GB
Game-201,2020-09-16,Adventure,411,CPU: 2GHz, RAM: 4GB, HDD: 20GB
Game-202,2020-09-16,Strategy,279,CPU: 2GHz, RAM: 4GB, HDD: 20GB
Game-203,2015-09-16,Adventure,992,CPU: 2GHz, RAM: 4GB, HDD: 20GB
Game-204,2016-09-16,Adventure,384,CPU: 2GHz, RAM: 4GB, HDD: 20GB
Game-205,2019-09-16,Action,280,CPU: 2GHz, RAM: 4GB, HDD: 20GB
Game-206,2018-09-16,Adventure,358,CPU: 2GHz, RAM: 4GB, HDD: 20GB
Game-207,2017-09-16,Adventure,292,CPU: 2GHz, RAM: 4GB, HDD: 20GB
Game-208,2017-09-16,Strategy,729,CPU: 2GHz, RAM: 4GB, HDD: 20GB
Game-209,2023-09-16,Strategy,535,CPU: 2GHz, RAM: 4GB, HDD: 20GB
Game-210,2016-09-16,Action,571,CPU: 2GHz, RAM: 4GB, HDD: 20GB
Game-211,2023-09-16,Adventure,122,CPU: 2GHz, RAM: 4GB, HDD: 20GB
Game-212,2017-09-16,Strategy,770,CPU: 2GHz, RAM: 4GB, HDD: 20GB
Game-213,2017-09-16,Action,717,CPU: 2GHz, RAM: 4GB, HDD: 20GB
Game-214,2016-09-16,Adventure,972,CPU: 2GHz, RAM: 4GB, HDD: 20GB
Game-215,2020-09-16,Adventure,915,CPU: 2GHz, RAM: 4GB, HDD: 20GB
Game-216,2023-09-16,Action,984,CPU: 2GHz, RAM: 4GB, HDD: 20GB
Game-217,2021-09-16,Action,270,CPU: 2GHz, RAM: 4GB, HDD: 20GB
Game-218,2016-09-16,Action,454,CPU: 2GHz, RAM: 4GB, HDD: 20GB
Game-219,2023-09-16,Adventure,840,CPU: 2GHz, RAM: 4GB, HDD: 20GB
Game-220,2021-09-16,Strategy,814,CPU: 2GHz, RAM: 4GB, HDD: 20GB
Game-221,2015-09-16,Strategy,165,CPU: 2GHz, RAM: 4GB, HDD: 20GB
Game-222,2020-09-16,Adventure,626,CPU: 2GHz, RAM: 4GB, HDD: 20GB
Game-223,2017-09-16,Strategy,233,CPU: 2GHz, RAM: 4GB, HDD: 20GB
Game-224,2020-09-16,Action,708,CPU: 2GHz, RAM: 4GB, HDD: 20GB
Game-225,2018-09-16,Adventure,352,CPU: 2GHz, RAM: 4GB, HDD: 20GB
Game-226,2018-09-16,Adventure,961,CPU: 2GHz, RAM: 4GB, HDD: 20GB
Game-227,2023-09-16,Strategy,29,CPU: 2GHz, RAM: 4GB, HDD: 20GB
Game-228,2016-09-16,Strategy,62,CPU: 2GHz, RAM: 4GB, HDD: 20GB
Game-229,2019-09-16,Action,716,CPU: 2GHz, RAM: 4GB, HDD: 20GB
Game-230,2021-09-16,Action,89,CPU: 2GHz, RAM: 4GB, HDD: 20GB
Game-231,2020-09-16,Adventure,404,CPU: 2GHz, RAM: 4GB, HDD: 20GB
Game-232,2019-09-16,Strategy,25,CPU: 2GHz, RAM: 4GB, HDD: 20GB
Game-233,2023-09-16,Strategy,116,CPU: 2GHz, RAM: 4GB, HDD: 20GB
Game-234,2017-09-16,Action,434,CPU: 2GHz, RAM: 4GB, HDD: 20GB
Game-235,2020-09-16,Action,210,CPU: 2GHz, RAM: 4GB, HDD: 20GB
Game-236,2018-09-16,Strategy,455,CPU: 2GHz, RAM: 4GB, HDD: 20GB
Game-237,2019-09-16,Adventure,91,CPU: 2GHz, RAM: 4GB, HDD: 20GB
Game-238,2019-09-16,Adventure,605,CPU: 2GHz, RAM: 4GB, HDD: 20GB
Game-239,2017-09-16,Adventure,734,CPU: 2GHz, RAM: 4GB, HDD: 20GB
Game-240,2021-09-16,Strategy,683,CPU: 2GHz, RAM: 4GB, HDD: 20GB
Game-241,2016-09-16,Strategy,839,CPU: 2GHz, RAM: 4GB, HDD: 20GB
Game-242,2022-09-16,Adventure,124,CPU: 2GHz, RAM: 4GB, HDD: 20GB
Game-243,2017-09-16,Adventure,712,CPU: 2GHz, RAM: 4GB, HDD: 20GB
Game-244,2017-09-16,Adventure,233,CPU: 2GHz, RAM: 4GB, HDD: 20GB
Game-245,2015-09-16,Action,416,CPU: 2GHz, RAM: 4GB, HDD: 20GB
Game-246,2022-09-16,Strategy,867,CPU: 2GHz, RAM: 4GB, HDD: 20GB
Game-247,2021-09-16,Adventure,671,CPU: 2GHz, RAM: 4GB, HDD: 20GB
Game-248,2020-09-16,Action,972,CPU: 2GHz, RAM: 4GB, HDD: 20GB
Game-249,2017-09-16,Action,149,CPU: 2GHz, RAM: 4GB, HDD: 20GB
Game-250,2021-09-16,Strategy,606,CPU: 2GHz, RAM: 4GB, HDD: 20GB
Game-251,2020-09-16,Strategy,219,CPU: 2GHz, RAM: 4GB, HDD: 20GB
Game-252,2019-09-16,Action,944,CPU: 2GHz, RAM: 4GB, HDD: 20GB
Game-253,2018-09-16,Action,809,CPU: 2GHz, RAM: 4GB, HDD: 20GB
Game-254,2015-09-16,Strategy,176,CPU: 2GHz, RAM: 4GB, HDD: 20GB
Game-255,2020-09-16,Strategy,960,CPU: 2GHz, RAM: 4GB, HDD: 20GB
Game-256,2018-09-16,Strategy,594,CPU: 2GHz, RAM: 4GB, HDD: 20GB
Game-257,2018-09-16,Action,428,CPU: 2GHz, RAM: 4GB, HDD: 20GB
Game-258,2021-09-16,Strategy,445,CPU: 2GHz, RAM: 4GB, HDD: 20GB
Game-259,2023-09-16,Adventure,501,CPU: 2GHz, RAM: 4GB, HDD: 20GB
Game-260,2017-09-16,Adventure,357,CPU: 2GHz, RAM: 4GB, HDD: 20GB
Game-261,2023-09-16,Adventure,283,CPU: 2GHz, RAM: 4GB, HDD: 20GB
Game-262,2021-09-16,Action,173,CPU: 2GHz, RAM: 4GB, HDD: 20GB
Game-263,2020-09-16,Adventure,131,CPU: 2GHz, RAM: 4GB, HDD: 20GB
Game-264,2022-09-16,Action,967,CPU: 2GHz, RAM: 4GB, HDD: 20GB
Game-265,2022-09-16,Action,28,CPU: 2GHz, RAM: 4GB, HDD: 20GB
Game-266,2021-09-16,Action,865,CPU: 2GHz, RAM: 4GB, HDD: 20GB
Game-267,2016-09-16,Strategy,997,CPU: 2GHz, RAM: 4GB, HDD: 20GB
Game-268,2015-09-16,Adventure,47,CPU: 2GHz, RAM: 4GB, HDD: 20GB
Game-269,2016-09-16,Strategy,342,CPU: 2GHz, RAM: 4GB, HDD: 20GB
Game-270,2015-09-16,Strategy,573,CPU: 2GHz, RAM: 4GB, HDD: 20GB
Game-271,2019-09-16,Strategy,685,CPU: 2GHz, RAM: 4GB, HDD: 20GB
Game-272,2015-09-16,Action,490,CPU: 2GHz, RAM: 4GB, HDD: 20GB
Game-273,2015-09-16,Strategy,219,CPU: 2GHz, RAM: 4GB, HDD: 20GB
Game-274,2023-09-16,Adventure,258,CPU: 2GHz, RAM: 4GB, HDD: 20GB
Game-275,2017-09-16,Strategy,996,CPU: 2GHz, RAM: 4GB, HDD: 20GB
Game-276,2019-09-16,Strategy,754,CPU: 2GHz, RAM: 4GB, HDD: 20GB
Game-277,2016-09-16,Strategy,270,CPU: 2GHz, RAM: 4GB, HDD: 20GB
Game-278,2015-09-16,Action,558,CPU: 2GHz, RAM: 4GB, HDD: 20GB
Game-279,2022-09-16,Adventure,473,CPU: 2GHz, RAM: 4GB, HDD: 20GB
Game-280,2017-09-16,Action,349,CPU: 2GHz, RAM: 4GB, HDD: 20GB
Game-281,2022-09-16,Action,483,CPU: 2GHz, RAM: 4GB, HDD: 20GB
Game-282,2021-09-16,Strategy,27,CPU: 2GHz, RAM: 4GB, HDD: 20GB
Game-283,2016-09-16,Adventure,425,CPU: 2GHz, RAM: 4GB, HDD: 20GB
Game-284,2020-09-16,Adventure,779,CPU: 2GHz, RAM: 4GB, HDD: 20GB
Game-285,2023-09-16,Strategy,862,CPU: 2GHz, RAM: 4GB, HDD: 20GB
Game-286,2016-09-16,Adventure,520,CPU: 2GHz, RAM: 4GB, HDD: 20GB
Game-287,2016-09-16,Action,854,CPU: 2GHz, RAM: 4GB, HDD: 20GB
Game-288,2023-09-16,Action,212,CPU: 2GHz, RAM: 4GB, HDD: 20GB
Game-289,2015-09-16,Strategy,233,CPU: 2GHz, RAM: 4GB, HDD: 20GB
Game-290,2023-09-16,Action,669,CPU: 2GHz, RAM: 4GB, HDD: 20GB
Game-291,2021-09-16,Action,367,CPU: 2GHz, RAM: 4GB, HDD: 20GB
Game-292,2019-09-16,Adventure,890,CPU: 2GHz, RAM: 4GB, HDD: 20GB
Game-293,2017-09-16,Action,106,CPU: 2GHz, RAM: 4GB, HDD: 20GB
Game-294,2015-09-16,Adventure,964,CPU: 2GHz, RAM: 4GB, HDD: 20GB
Game-295,2016-09-16,Adventure,577,CPU: 2GHz, RAM: 4GB, HDD: 20GB
Game-296,2020-09-16,Adventure,296,CPU: 2GHz, RAM: 4GB, HDD: 20GB
Game-297,2022-09-16,Adventure,270,CPU: 2GHz, RAM: 4GB, HDD: 20GB
Game-298,2016-09-16,Action,526,CPU: 2GHz, RAM: 4GB, HDD: 20GB
Game-299,2020-09-16,Action,883,CPU: 2GHz, RAM: 4GB, HDD: 20GB
Game-300,2021-09-16,Strategy,197,CPU: 2GHz, RAM: 4GB, HDD: 20GB
Game-301,2017-09-16,Adventure,737,CPU: 2GHz, RAM: 4GB, HDD: 20GB
Game-302,2022-09-16,Strategy,762,CPU: 2GHz, RAM: 4GB, HDD: 20GB
Game-303,2021-09-16,Strategy,662,CPU: 2GHz, RAM: 4GB, HDD: 20GB
Game-304,2016-09-16,Strategy,676,CPU: 2GHz, RAM: 4GB, HDD: 20GB
Game-305,2017-09-16,Strategy,752,CPU: 2GHz, RAM: 4GB, HDD: 20GB
Game-306,2017-09-16,Action,591,CPU: 2GHz, RAM: 4GB, HDD: 20GB
Game-307,2018-09-16,Strategy,206,CPU: 2GHz, RAM: 4GB, HDD: 20GB
Game-308,2016-09-16,Strategy,254,CPU: 2GHz, RAM: 4GB, HDD: 20GB
Game-309,2022-09-16,Adventure,238,CPU: 2GHz, RAM: 4GB, HDD: 20GB
Game-310,2022-09-16,Strategy,643,CPU: 2GHz, RAM: 4GB, HDD: 20GB
Game-311,2017-09-16,Strategy,94,CPU: 2GHz, RAM: 4GB, HDD: 20GB
Game-312,2017-09-16,Strategy,155,CPU: 2GHz, RAM: 4GB, HDD: 20GB
Game-313,2022-09-16,Adventure,688,CPU: 2GHz, RAM: 4GB, HDD: 20GB
Game-314,2023-09-16,Strategy,757,CPU: 2GHz, RAM: 4GB, HDD: 20GB
Game-315,2016-09-16,Strategy,1,CPU: 2GHz, RAM: 4GB, HDD: 20GB
Game-316,2016-09-16,Strategy,360,CPU: 2GHz, RAM: 4GB, HDD: 20GB
Game-317,2020-09-16,Strategy,777,CPU: 2GHz, RAM: 4GB, HDD: 20GB
Game-318,2020-09-16,Adventure,506,CPU: 2GHz, RAM: 4GB, HDD: 20GB
Game-319,2020-09-16,Action,194,CPU: 2GHz, RAM: 4GB, HDD: 20GB
Game-320,2018-09-16,Strategy,776,CPU: 2GHz, RAM: 4GB, HDD: 20GB
Game-321,2021-09-16,Adventure,373,CPU: 2GHz, RAM: 4GB, HDD: 20GB
Game-322,2019-09-16,Strategy,279,CPU: 2GHz, RAM: 4GB, HDD: 20GB
Game-323,2016-09-16,Strategy,202,CPU: 2GHz, RAM: 4GB, HDD: 20GB
Game-324,2018-09-16,Strategy,180,CPU: 2GHz, RAM: 4GB, HDD: 20GB
Game-325,2016-09-16,Strategy,896,CPU: 2GHz, RAM: 4GB, HDD: 20GB
Game-326,2019-09-16,Strategy,349,CPU: 2GHz, RAM: 4GB, HDD: 20GB
Game-327,2022-09-16,Strategy,869,CPU: 2GHz, RAM: 4GB, HDD: 20GB
Game-328,2022-09-16,Action,830,CPU: 2GHz, RAM: 4GB, HDD: 20GB
Game-329,2016-09-16,Adventure,454,CPU: 2GHz, RAM: 4GB, HDD: 20GB
Game-330,2020-09-16,Strategy,532,CPU: 2GHz, RAM: 4GB, HDD: 20GB
Game-331,2016-09-16,Strategy,917,CPU: 2GHz, RAM: 4GB, HDD: 20GB
Game-332,2019-09-16,Strategy,422,CPU: 2GHz, RAM: 4GB, HDD: 20GB
Game-333,2017-09-16,Adventure,804,CPU: 2GHz, RAM: 4GB, HDD: 20GB
Game-334,2019-09-16,Action,288,CPU: 2GHz, RAM: 4GB, HDD: 20GB
Game-335,2021-09-16,Adventure,741,CPU: 2GHz, RAM: 4GB, HDD: 20GB
Game-336,2022-09-16,Adventure,271,CPU: 2GHz, RAM: 4GB, HDD: 20GB
Game-337,2018-09-16,Adventure,168,CPU: 2GHz, RAM: 4GB, HDD: 20GB
Game-338,2018-09-16,Adventure,624,CPU: 2GHz, RAM: 4GB, HDD: 20GB
Game-339,2018-09-16,Action,906,CPU: 2GHz, RAM: 4GB, HDD: 20GB
Game-340,2020-09-16,Action,174,CPU: 2GHz, RAM: 4GB, HDD: 20GB
Game-341,2018-09-16,Strategy,87,CPU: 2GHz, RAM: 4GB, HDD: 20GB
Game-342,2021-09-16,Adventure,942,CPU: 2GHz, RAM: 4GB, HDD: 20GB
Game-343,2016-09-16,Adventure,315,CPU: 2GHz, RAM: 4GB, HDD: 20GB
Game-344,2015-09-16,Strategy,407,CPU: 2GHz, RAM: 4GB, HDD: 20GB
Game-345,2018-09-16,Action,436,CPU: 2GHz, RAM: 4GB, HDD: 20GB
Game-346,2016-09-16,Adventure,994,CPU: 2GHz, RAM: 4GB, HDD: 20GB
Game-347,2021-09-16,Strategy,182,CPU: 2GHz, RAM: 4GB, HDD: 20GB
Game-348,2017-09-16,Action,375,CPU: 2GHz, RAM: 4GB, HDD: 20GB
Game-349,2019-09-16,Adventure,676,CPU: 2GHz, RAM: 4GB, HDD: 20GB
Game-350,2016-09-16,Adventure,526,CPU: 2GHz, RAM: 4GB, HDD: 20GB
Game-351,2016-09-16,Adventure,808,CPU: 2GHz, RAM: 4GB, HDD: 20GB
Game-352,2017-09-16,Adventure,278,CPU: 2GHz, RAM: 4GB, HDD: 20GB
Game-353,2017-09-16,Adventure,215,CPU: 2GHz, RAM: 4GB, HDD: 20GB
Game-354,2019-09-16,Action,185,CPU: 2GHz, RAM: 4GB, HDD: 20GB
Game-355,2018-09-16,Strategy,851,CPU: 2GHz, RAM: 4GB, HDD: 20GB
Game-356,2022-09-16,Action,871,CPU: 2GHz, RAM: 4GB, HDD: 20GB
Game-357,2016-09-16,Adventure,690,CPU: 2GHz, RAM: 4GB, HDD: 20GB
Game-358,2022-09-16,Strategy,151,CPU: 2GHz, RAM: 4GB, HDD: 20GB
Game-359,2017-09-16,Adventure,295,CPU: 2GHz, RAM: 4GB, HDD: 20GB
Game-360,2022-09-16,Action,678,CPU: 2GHz, RAM: 4GB, HDD: 20GB
Game-361,2020-09-16,Adventure,702,CPU: 2GHz, RAM: 4GB, HDD: 20GB
Game-362,2020-09-16,Strategy,524,CPU: 2GHz, RAM: 4GB, HDD: 20GB
Game-363,2019-09-16,Strategy,344,CPU: 2GHz, RAM: 4GB, HDD: 20GB
Game-364,2020-09-16,Adventure,160,CPU: 2GHz, RAM: 4GB, HDD: 20GB
Game-365,2022-09-16,Action,331,CPU: 2GHz, RAM: 4GB, HDD: 20GB
Game-366,2022-09-16,Adventure,245,CPU: 2GHz, RAM: 4GB, HDD: 20GB
Game-367,2023-09-16,Action,663,CPU: 2GHz, RAM: 4GB, HDD: 20GB
Game-368,2017-09-16,Adventure,501,CPU: 2GHz, RAM: 4GB, HDD: 20GB
Game-369,2022-09-16,Strategy,381,CPU: 2GHz, RAM: 4GB, HDD: 20GB
Game-370,2018-09-16,Strategy,436,CPU: 2GHz, RAM: 4GB, HDD: 20GB
Game-371,2016-09-16,Strategy,807,CPU: 2GHz, RAM: 4GB, HDD: 20GB
Game-372,2022-09-16,Action,925,CPU: 2GHz, RAM: 4GB, HDD: 20GB
Game-373,2023-09-16,Strategy,350,CPU: 2GHz, RAM: 4GB, HDD: 20GB
Game-374,2022-09-16,Adventure,496,CPU: 2GHz, RAM: 4GB, HDD: 20GB
Game-375,2023-09-16,Strategy,731,CPU: 2GHz, RAM: 4GB, HDD: 20GB
Game-376,2018-09-16,Strategy,856,CPU: 2GHz, RAM: 4GB, HDD: 20GB
Game-377,2020-09-16,Adventure,515,CPU: 2GHz, RAM: 4GB, HDD: 20GB
Game-378,2022-09-16,Adventure,755,CPU: 2GHz, RAM: 4GB, HDD: 20GB
Game-379,2021-09-16,Strategy,722,CPU: 2GHz, RAM: 4GB, HDD: 20GB
Game-380,2016-09-16,Adventure,560,CPU: 2GHz, RAM: 4GB, HDD: 20GB
Game-381,2016-09-16,Adventure,822,CPU: 2GHz, RAM: 4GB, HDD: 20GB
Game-382,2017-09-16,Adventure,633,CPU: 2GHz, RAM: 4GB, HDD: 20GB
Game-383,2023-09-16,Strategy,848,CPU: 2GHz, RAM: 4GB, HDD: 20GB
Game-384,2020-09-16,Adventure,159,CPU: 2GHz, RAM: 4GB, HDD: 20GB
Game-385,2018-09-16,Adventure,933,CPU: 2GHz, RAM: 4GB, HDD: 20GB
Game-386,2023-09-16,Strategy,578,CPU: 2GHz, RAM: 4GB, HDD: 20GB
Game-387,2018-09-16,Adventure,954,CPU: 2GHz, RAM: 4GB, HDD: 20GB
Game-388,2022-09-16,Strategy,517,CPU: 2GHz, RAM: 4GB, HDD: 20GB
Game-389,2019-09-16,Adventure,832,CPU: 2GHz, RAM: 4GB, HDD: 20GB
Game-390,2018-09-16,Strategy,699,CPU: 2GHz, RAM: 4GB, HDD: 20GB
Game-391,2021-09-16,Adventure,71,CPU: 2GHz, RAM: 4GB, HDD: 20GB
Game-392,2016-09-16,Strategy,997,CPU: 2GHz, RAM: 4GB, HDD: 20GB
Game-393,2020-09-16,Adventure,178,CPU: 2GHz, RAM: 4GB, HDD: 20GB
Game-394,2015-09-16,Adventure,982,CPU: 2GHz, RAM: 4GB, HDD: 20GB
Game-395,2023-09-16,Action,94,CPU: 2GHz, RAM: 4GB, HDD: 20GB
Game-396,2020-09-16,Adventure,377,CPU: 2GHz, RAM: 4GB, HDD: 20GB
Game-397,2019-09-16,Adventure,771,CPU: 2GHz, RAM: 4GB, HDD: 20GB
Game-398,2017-09-16,Strategy,558,CPU: 2GHz, RAM: 4GB, HDD: 20GB
Game-399,2016-09-16,Strategy,547,CPU: 2GHz, RAM: 4GB, HDD: 20GB
Game-400,2020-09-16,Adventure,773,CPU: 2GHz, RAM: 4GB, HDD: 20GB
Game-401,2019-09-16,Adventure,87,CPU: 2GHz, RAM: 4GB, HDD: 20GB
Game-402,2021-09-16,Action,881,CPU: 2GHz, RAM: 4GB, HDD: 20GB
Game-403,2023-09-16,Adventure,482,CPU: 2GHz, RAM: 4GB, HDD: 20GB
Game-404,2016-09-16,Action,544,CPU: 2GHz, RAM: 4GB, HDD: 20GB
Game-405,2015-09-16,Adventure,767,CPU: 2GHz, RAM: 4GB, HDD: 20GB
Game-406,2019-09-16,Adventure,102,CPU: 2GHz, RAM: 4GB, HDD: 20GB
Game-407,2015-09-16,Action,231,CPU: 2GHz, RAM: 4GB, HDD: 20GB
Game-408,2021-09-16,Adventure,105,CPU: 2GHz, RAM: 4GB, HDD: 20GB
Game-409,2018-09-16,Adventure,839,CPU: 2GHz, RAM: 4GB, HDD: 20GB
Game-410,2022-09-16,Adventure,900,CPU: 2GHz, RAM: 4GB, HDD: 20GB
Game-411,2017-09-16,Adventure,892,CPU: 2GHz, RAM: 4GB, HDD: 20GB
Game-412,2019-09-16,Strategy,592,CPU: 2GHz, RAM: 4GB, HDD: 20GB
Game-413,2018-09-16,Strategy,969,CPU: 2GHz, RAM: 4GB, HDD: 20GB
Game-414,2018-09-16,Action,84,CPU: 2GHz, RAM: 4GB, HDD: 20GB
Game-415,2019-09-16,Adventure,840,CPU: 2GHz, RAM: 4GB, HDD: 20GB
Game-416,2023-09-16,Action,98,CPU: 2GHz, RAM: 4GB, HDD: 20GB
Game-417,2022-09-16,Adventure,918,CPU: 2GHz, RAM: 4GB, HDD: 20GB
Game-418,2021-09-16,Strategy,380,CPU: 2GHz, RAM: 4GB, HDD: 20GB
Game-419,2021-09-16,Action,970,CPU: 2GHz, RAM: 4GB, HDD: 20GB
Game-420,2022-09-16,Adventure,879,CPU: 2GHz, RAM: 4GB, HDD: 20GB
Game-421,2022-09-16,Action,264,CPU: 2GHz, RAM: 4GB, HDD: 20GB
Game-422,2019-09-16,Strategy,546,CPU: 2GHz, RAM: 4GB, HDD: 20GB
Game-423,2020-09-16,Action,77,CPU: 2GHz, RAM: 4GB, HDD: 20GB
Game-424,2019-09-16,Strategy,528,CPU: 2GHz, RAM: 4GB, HDD: 20GB
Game-425,2015-09-16,Action,850,CPU: 2GHz, RAM: 4GB, HDD: 20GB
Game-426,2023-09-16,Strategy,917,CPU: 2GHz, RAM: 4GB, HDD: 20GB
Game-427,2023-09-16,Adventure,987,CPU: 2GHz, RAM: 4GB, HDD: 20GB
Game-428,2020-09-16,Action,862,CPU: 2GHz, RAM: 4GB, HDD: 20GB
Game-429,2019-09-16,Action,372,CPU: 2GHz, RAM: 4GB, HDD: 20GB
Game-430,2019-09-16,Adventure,570,CPU: 2GHz, RAM: 4GB, HDD: 20GB
Game-431,2023-09-16,Adventure,629,CPU: 2GHz, RAM: 4GB, HDD: 20GB
Game-432,2016-09-16,Adventure,227,CPU: 2GHz, RAM: 4GB, HDD: 20GB
Game-433,2022-09-16,Adventure,551,CPU: 2GHz, RAM: 4GB, HDD: 20GB
Game-434,2023-09-16,Adventure,944,CPU: 2GHz, RAM: 4GB, HDD: 20GB
Game-435,2018-09-16,Adventure,735,CPU: 2GHz, RAM: 4GB, HDD: 20GB
Game-436,2015-09-16,Strategy,875,CPU: 2GHz, RAM: 4GB, HDD: 20GB
Game-437,2018-09-16,Strategy,400,CPU: 2GHz, RAM: 4GB, HDD: 20GB
Game-438,2017-09-16,Strategy,761,CPU: 2GHz, RAM: 4GB, HDD: 20GB
Game-439,2017-09-16,Strategy,269,CPU: 2GHz, RAM: 4GB, HDD: 20GB
Game-440,2021-09-16,Action,244,CPU: 2GHz, RAM: 4GB, HDD: 20GB
Game-441,2018-09-16,Strategy,842,CPU: 2GHz, RAM: 4GB, HDD: 20GB
Game-442,2017-09-16,Action,945,CPU: 2GHz, RAM: 4GB, HDD: 20GB
Game-443,2021-09-16,Action,568,CPU: 2GHz, RAM: 4GB, HDD: 20GB
Game-444,2020-09-16,Strategy,944,CPU: 2GHz, RAM: 4GB, HDD: 20GB
Game-445,2021-09-16,Action,605,CPU: 2GHz, RAM: 4GB, HDD: 20GB
Game-446,2015-09-16,Action,146,CPU: 2GHz, RAM: 4GB, HDD: 20GB
Game-447,2017-09-16,Strategy,694,CPU: 2GHz, RAM: 4GB, HDD: 20GB
Game-448,2015-09-16,Strategy,721,CPU: 2GHz, RAM: 4GB, HDD: 20GB
Game-449,2016-09-16,Strategy,846,CPU: 2GHz, RAM: 4GB, HDD: 20GB
Game-450,2020-09-16,Action,395,CPU: 2GHz, RAM: 4GB, HDD: 20GB
Game-451,2022-09-16,Adventure,967,CPU: 2GHz, RAM: 4GB, HDD: 20GB
Game-452,2016-09-16,Adventure,91,CPU: 2GHz, RAM: 4GB, HDD: 20GB
Game-453,2022-09-16,Action,952,CPU: 2GHz, RAM: 4GB, HDD: 20GB
Game-454,2019-09-16,Strategy,154,CPU: 2GHz, RAM: 4GB, HDD: 20GB
Game-455,2021-09-16,Strategy,709,CPU: 2GHz, RAM: 4GB, HDD: 20GB
Game-456,2022-09-16,Action,504,CPU: 2GHz, RAM: 4GB, HDD: 20GB
Game-457,2019-09-16,Strategy,537,CPU: 2GHz, RAM: 4GB, HDD: 20GB
Game-458,2016-09-16,Adventure,232,CPU: 2GHz, RAM: 4GB, HDD: 20GB
Game-459,2022-09-16,Adventure,705,CPU: 2GHz, RAM: 4GB, HDD: 20GB
Game-460,2023-09-16,Strategy,379,CPU: 2GHz, RAM: 4GB, HDD: 20GB
Game-461,2022-09-16,Strategy,333,CPU: 2GHz, RAM: 4GB, HDD: 20GB
Game-462,2023-09-16,Adventure,236,CPU: 2GHz, RAM: 4GB, HDD: 20GB
Game-463,2022-09-16,Action,743,CPU: 2GHz, RAM: 4GB, HDD: 20GB
Game-464,2021-09-16,Action,252,CPU: 2GHz, RAM: 4GB, HDD: 20GB
Game-465,2015-09-16,Adventure,758,CPU: 2GHz, RAM: 4GB, HDD: 20GB
Game-466,2021-09-16,Adventure,319,CPU: 2GHz, RAM: 4GB, HDD: 20GB
Game-467,2020-09-16,Strategy,825,CPU: 2GHz, RAM: 4GB, HDD: 20GB
Game-468,2018-09-16,Adventure,37,CPU: 2GHz, RAM: 4GB, HDD: 20GB
Game-469,2017-09-16,Adventure,636,CPU: 2GHz, RAM: 4GB, HDD: 20GB
Game-470,2018-09-16,Strategy,239,CPU: 2GHz, RAM: 4GB, HDD: 20GB
Game-471,2018-09-16,Adventure,474,CPU: 2GHz, RAM: 4GB, HDD: 20GB
Game-472,2018-09-16,Adventure,214,CPU: 2GHz, RAM: 4GB, HDD: 20GB
Game-473,2020-09-16,Adventure,395,CPU: 2GHz, RAM: 4GB, HDD: 20GB
Game-474,2016-09-16,Adventure,520,CPU: 2GHz, RAM: 4GB, HDD: 20GB
Game-475,2023-09-16,Adventure,759,CPU: 2GHz, RAM: 4GB, HDD: 20GB
Game-476,2021-09-16,Strategy,974,CPU: 2GHz, RAM: 4GB, HDD: 20GB
Game-477,2020-09-16,Action,552,CPU: 2GHz, RAM: 4GB, HDD: 20GB
Game-478,2020-09-16,Action,950,CPU: 2GHz, RAM: 4GB, HDD: 20GB
Game-479,2022-09-16,Action,98,CPU: 2GHz, RAM: 4GB, HDD: 20GB
Game-480,2023-09-16,Adventure,430,CPU: 2GHz, RAM: 4GB, HDD: 20GB
Game-481,2019-09-16,Adventure,682,CPU: 2GHz, RAM: 4GB, HDD: 20GB
Game-482,2023-09-16,Strategy,949,CPU: 2GHz, RAM: 4GB, HDD: 20GB
Game-483,2016-09-16,Strategy,296,CPU: 2GHz, RAM: 4GB, HDD: 20GB
Game-484,2022-09-16,Strategy,94,CPU: 2GHz, RAM: 4GB, HDD: 20GB
Game-485,2018-09-16,Action,263,CPU: 2GHz, RAM: 4GB, HDD: 20GB
Game-486,2020-09-16,Strategy,881,CPU: 2GHz, RAM: 4GB, HDD: 20GB
Game-487,2021-09-16,Action,400,CPU: 2GHz, RAM: 4GB, HDD: 20GB
Game-488,2023-09-16,Adventure,348,CPU: 2GHz, RAM: 4GB, HDD: 20GB
Game-489,2020-09-16,Strategy,41,CPU: 2GHz, RAM: 4GB, HDD: 20GB
Game-490,2019-09-16,Action,186,CPU: 2GHz, RAM: 4GB, HDD: 20GB
Game-491,2016-09-16,Adventure,341,CPU: 2GHz, RAM: 4GB, HDD: 20GB
Game-492,2018-09-16,Strategy,932,CPU: 2GHz, RAM: 4GB, HDD: 20GB
Game-493,2017-09-16,Action,53,CPU: 2GHz, RAM: 4GB, HDD: 20GB
Game-494,2019-09-16,Strategy,325,CPU: 2GHz, RAM: 4GB, HDD: 20GB
Game-495,2021-09-16,Strategy,489,CPU: 2GHz, RAM: 4GB, HDD: 20GB
Game-496,2022-09-16,Action,542,CPU: 2GHz, RAM: 4GB, HDD: 20GB
Game-497,2023-09-16,Strategy,81,CPU: 2GHz, RAM: 4GB, HDD: 20GB
Game-498,2021-09-16,Adventure,224,CPU: 2GHz, RAM: 4GB, HDD: 20GB
Game-499,2016-09-16,Adventure,168,CPU: 2GHz, RAM: 4GB, HDD: 20GB
Game-500,2017-09-16,Action,573,CPU: 2GHz, RAM: 4GB, HDD: 20GB
Game-501,2021-09-16,Adventure,619,CPU: 2GHz, RAM: 4GB, HDD: 20GB
Game-502,2022-09-16,Adventure,657,CPU: 2GHz, RAM: 4GB, HDD: 20GB
Game-503,2018-09-16,Strategy,409,CPU: 2GHz, RAM: 4GB, HDD: 20GB
Game-504,2019-09-16,Action,321,CPU: 2GHz, RAM: 4GB, HDD: 20GB
Game-505,2020-09-16,Action,571,CPU: 2GHz, RAM: 4GB, HDD: 20GB
Game-506,2022-09-16,Action,185,CPU: 2GHz, RAM: 4GB, HDD: 20GB
Game-507,2021-09-16,Strategy,126,CPU: 2GHz, RAM: 4GB, HDD: 20GB
Game-508,2023-09-16,Adventure,883,CPU: 2GHz, RAM: 4GB, HDD: 20GB
Game-509,2016-09-16,Action,914,CPU: 2GHz, RAM: 4GB, HDD: 20GB
Game-510,2019-09-16,Strategy,884,CPU: 2GHz, RAM: 4GB, HDD: 20GB
Game-511,2017-09-16,Strategy,961,CPU: 2GHz, RAM: 4GB, HDD: 20GB
Game-512,2021-09-16,Adventure,263,CPU: 2GHz, RAM: 4GB, HDD: 20GB
Game-513,2015-09-16,Action,952,CPU: 2GHz, RAM: 4GB, HDD: 20GB
Game-514,2020-09-16,Action,434,CPU: 2GHz, RAM: 4GB, HDD: 20GB
Game-515,2022-09-16,Action,768,CPU: 2GHz, RAM: 4GB, HDD: 20GB
Game-516,2016-09-16,Action,588,CPU: 2GHz, RAM: 4GB, HDD: 20GB
Game-517,2021-09-16,Strategy,45,CPU: 2GHz, RAM: 4GB, HDD: 20GB
Game-518,2018-09-16,Strategy,349,CPU: 2GHz, RAM: 4GB, HDD: 20GB
Game-519,2019-09-16,Strategy,273,CPU: 2GHz, RAM: 4GB, HDD: 20GB
Game-520,2020-09-16,Strategy,200,CPU: 2GHz, RAM: 4GB, HDD: 20GB
Game-521,2015-09-16,Strategy,454,CPU: 2GHz, RAM: 4GB, HDD: 20GB
Game-522,2023-09-16,Action,676,CPU: 2GHz, RAM: 4GB, HDD: 20GB
Game-523,2021-09-16,Action,113,CPU: 2GHz, RAM: 4GB, HDD: 20GB
Game-524,2016-09-16,Action,578,CPU: 2GHz, RAM: 4GB, HDD: 20GB
Game-525,2020-09-16,Strategy,536,CPU: 2GHz, RAM: 4GB, HDD: 20GB
Game-526,2018-09-16,Strategy,592,CPU: 2GHz, RAM: 4GB, HDD: 20GB
Game-527,2017-09-16,Strategy,884,CPU: 2GHz, RAM: 4GB, HDD: 20GB
Game-528,2023-09-16,Adventure,77,CPU: 2GHz, RAM: 4GB, HDD: 20GB
Game-529,2020-09-16,Adventure,29,CPU: 2GHz, RAM: 4GB, HDD: 20GB
Game-530,2017-09-16,Adventure,247,CPU: 2GHz, RAM: 4GB, HDD: 20GB
Game-531,2018-09-16,Adventure,69,CPU: 2GHz, RAM: 4GB, HDD: 20GB
Game-532,2021-09-16,Strategy,566,CPU: 2GHz, RAM: 4GB, HDD: 20GB
Game-533,2019-09-16,Adventure,839,CPU: 2GHz, RAM: 4GB, HDD: 20GB
Game-534,2015-09-16,Strategy,51,CPU: 2GHz, RAM: 4GB, HDD: 20GB
Game-535,2023-09-16,Action,739,CPU: 2GHz, RAM: 4GB, HDD: 20GB
Game-536,2021-09-16,Strategy,624,CPU: 2GHz, RAM: 4GB, HDD: 20GB
Game-537,2016-09-16,Action,339,CPU: 2GHz, RAM: 4GB, HDD: 20GB
Game-538,2021-09-16,Action,115,CPU: 2GHz, RAM: 4GB, HDD: 20GB
Game-539,2019-09-16,Adventure,896,CPU: 2GHz, RAM: 4GB, HDD: 20GB
Game-540,2023-09-16,Strategy,541,CPU: 2GHz, RAM: 4GB, HDD: 20GB
Game-541,2016-09-16,Strategy,134,CPU: 2GHz, RAM: 4GB, HDD: 20GB
Game-542,2020-09-16,Adventure,307,CPU: 2GHz, RAM: 4GB, HDD: 20GB
Game-543,2022-09-16,Strategy,327,CPU: 2GHz, RAM: 4GB, HDD: 20GB
Game-544,2022-09-16,Adventure,408,CPU: 2GHz, RAM: 4GB, HDD: 20GB
Game-545,2020-09-16,Action,715,CPU: 2GHz, RAM: 4GB, HDD: 20GB
Game-546,2018-09-16,Adventure,445,CPU: 2GHz, RAM: 4GB, HDD: 20GB
Game-547,2022-09-16,Adventure,774,CPU: 2GHz, RAM: 4GB, HDD: 20GB
Game-548,2023-09-16,Strategy,486,CPU: 2GHz, RAM: 4GB, HDD: 20GB
Game-549,2016-09-16,Strategy,726,CPU: 2GHz, RAM: 4GB, HDD: 20GB
Game-550,2023-09-16,Adventure,644,CPU: 2GHz, RAM: 4GB, HDD: 20GB
Game-551,2015-09-16,Strategy,426,CPU: 2GHz, RAM: 4GB, HDD: 20GB
Game-552,2022-09-16,Strategy,934,CPU: 2GHz, RAM: 4GB, HDD: 20GB
Game-553,2023-09-16,Adventure,9,CPU: 2GHz, RAM: 4GB, HDD: 20GB
Game-554,2018-09-16,Action,849,CPU: 2GHz, RAM: 4GB, HDD: 20GB
Game-555,2023-09-16,Adventure,648,CPU: 2GHz, RAM: 4GB, HDD: 20GB
Game-556,2022-09-16,Strategy,497,CPU: 2GHz, RAM: 4GB, HDD: 20GB
Game-557,2017-09-16,Adventure,168,CPU: 2GHz, RAM: 4GB, HDD: 20GB
Game-558,2017-09-16,Action,350,CPU: 2GHz, RAM: 4GB, HDD: 20GB
Game-559,2017-09-16,Adventure,755,CPU: 2GHz, RAM: 4GB, HDD: 20GB
Game-560,2023-09-16,Adventure,436,CPU: 2GHz, RAM: 4GB, HDD: 20GB
Game-561,2018-09-16,Adventure,423,CPU: 2GHz, RAM: 4GB, HDD: 20GB
Game-562,2019-09-16,Adventure,252,CPU: 2GHz, RAM: 4GB, HDD: 20GB
Game-563,2016-09-16,Action,174,CPU: 2GHz, RAM: 4GB, HDD: 20GB
Game-564,2022-09-16,Strategy,283,CPU: 2GHz, RAM: 4GB, HDD: 20GB
Game-565,2021-09-16,Action,758,CPU: 2GHz, RAM: 4GB, HDD: 20GB
Game-566,2020-09-16,Action,33,CPU: 2GHz, RAM: 4GB, HDD: 20GB
Game-567,2018-09-16,Strategy,960,CPU: 2GHz, RAM: 4GB, HDD: 20GB
Game-568,2020-09-16,Action,920,CPU: 2GHz, RAM: 4GB, HDD: 20GB
Game-569,2017-09-16,Action,954,CPU: 2GHz, RAM: 4GB, HDD: 20GB
Game-570,2022-09-16,Adventure,160,CPU: 2GHz, RAM: 4GB, HDD: 20GB
Game-571,2023-09-16,Action,971,CPU: 2GHz, RAM: 4GB, HDD: 20GB
Game-572,2018-09-16,Action,463,CPU: 2GHz, RAM: 4GB, HDD: 20GB
Game-573,2020-09-16,Strategy,500,CPU: 2GHz, RAM: 4GB, HDD: 20GB
Game-574,2023-09-16,Action,216,CPU: 2GHz, RAM: 4GB, HDD: 20GB
Game-575,2022-09-16,Action,891,CPU: 2GHz, RAM: 4GB, HDD: 20GB
Game-576,2021-09-16,Strategy,22,CPU: 2GHz, RAM: 4GB, HDD: 20GB
Game-577,2019-09-16,Action,128,CPU: 2GHz, RAM: 4GB, HDD: 20GB
Game-578,2016-09-16,Action,295,CPU: 2GHz, RAM: 4GB, HDD: 20GB
Game-579,2021-09-16,Action,853,CPU: 2GHz, RAM: 4GB, HDD: 20GB
Game-580,2017-09-16,Strategy,101,CPU: 2GHz, RAM: 4GB, HDD: 20GB
Game-581,2023-09-16,Strategy,149,CPU: 2GHz, RAM: 4GB, HDD: 20GB
Game-582,2022-09-16,Strategy,443,CPU: 2GHz, RAM: 4GB, HDD: 20GB
Game-583,2015-09-16,Strategy,339,CPU: 2GHz, RAM: 4GB, HDD: 20GB
Game-584,2016-09-16,Adventure,324,CPU: 2GHz, RAM: 4GB, HDD: 20GB
Game-585,2021-09-16,Action,556,CPU: 2GHz, RAM: 4GB, HDD: 20GB
Game-586,2021-09-16,Adventure,586,CPU: 2GHz, RAM: 4GB, HDD: 20GB
Game-587,2015-09-16,Strategy,832,CPU: 2GHz, RAM: 4GB, HDD: 20GB
Game-588,2019-09-16,Adventure,801,CPU: 2GHz, RAM: 4GB, HDD: 20GB
Game-589,2021-09-16,Adventure,421,CPU: 2GHz, RAM: 4GB, HDD: 20GB
Game-590,2023-09-16,Adventure,584,CPU: 2GHz, RAM: 4GB, HDD: 20GB
Game-591,2023-09-16,Strategy,521,CPU: 2GHz, RAM: 4GB, HDD: 20GB
Game-592,2015-09-16,Adventure,676,CPU: 2GHz, RAM: 4GB, HDD: 20GB
Game-593,2016-09-16,Adventure,661,CPU: 2GHz, RAM: 4GB, HDD: 20GB
Game-594,2016-09-16,Strategy,368,CPU: 2GHz, RAM: 4GB, HDD: 20GB
Game-595,2019-09-16,Action,661,CPU: 2GHz, RAM: 4GB, HDD: 20GB
Game-596,2018-09-16,Adventure,703,CPU: 2GHz, RAM: 4GB, HDD: 20GB
Game-597,2022-09-16,Strategy,915,CPU: 2GHz, RAM: 4GB, HDD: 20GB
Game-598,2015-09-16,Action,548,CPU: 2GHz, RAM: 4GB, HDD: 20GB
Game-599,2019-09-16,Strategy,625,CPU: 2GHz, RAM: 4GB, HDD: 20GB
Game-600,2022-09-16,Adventure,71,CPU: 2GHz, RAM: 4GB, HDD: 20GB
Game-601,2022-09-16,Strategy,493,CPU: 2GHz, RAM: 4GB, HDD: 20GB
Game-602,2021-09-16,Action,815,CPU: 2GHz, RAM: 4GB, HDD: 20GB
Game-603,2022-09-16,Adventure,588,CPU: 2GHz, RAM: 4GB, HDD: 20GB
Game-604,2023-09-16,Action,328,CPU: 2GHz, RAM: 4GB, HDD: 20GB
Game-605,2015-09-16,Strategy,77,CPU: 2GHz, RAM: 4GB, HDD: 20GB
Game-606,2020-09-16,Strategy,463,CPU: 2GHz, RAM: 4GB, HDD: 20GB
Game-607,2020-09-16,Strategy,874,CPU: 2GHz, RAM: 4GB, HDD: 20GB
Game-608,2021-09-16,Action,930,CPU: 2GHz, RAM: 4GB, HDD: 20GB
Game-609,2015-09-16,Adventure,937,CPU: 2GHz, RAM: 4GB, HDD: 20GB
Game-610,2020-09-16,Strategy,619,CPU: 2GHz, RAM: 4GB, HDD: 20GB
Game-611,2022-09-16,Action,41,CPU: 2GHz, RAM: 4GB, HDD: 20GB
Game-612,2022-09-16,Adventure,372,CPU: 2GHz, RAM: 4GB, HDD: 20GB
Game-613,2018-09-16,Adventure,454,CPU: 2GHz, RAM: 4GB, HDD: 20GB
Game-614,2023-09-16,Strategy,791,CPU: 2GHz, RAM: 4GB, HDD: 20GB
Game-615,2021-09-16,Adventure,129,CPU: 2GHz, RAM: 4GB, HDD: 20GB
Game-616,2018-09-16,Action,868,CPU: 2GHz, RAM: 4GB, HDD: 20GB
Game-617,2016-09-16,Action,636,CPU: 2GHz, RAM: 4GB, HDD: 20GB
Game-618,2019-09-16,Action,959,CPU: 2GHz, RAM: 4GB, HDD: 20GB
Game-619,2017-09-16,Strategy,256,CPU: 2GHz, RAM: 4GB, HDD: 20GB
Game-620,2021-09-16,Adventure,283,CPU: 2GHz, RAM: 4GB, HDD: 20GB
Game-621,2017-09-16,Action,889,CPU: 2GHz, RAM: 4GB, HDD: 20GB
Game-622,2016-09-16,Strategy,101,CPU: 2GHz, RAM: 4GB, HDD: 20GB
Game-623,2016-09-16,Strategy,741,CPU: 2GHz, RAM: 4GB, HDD: 20GB
Game-624,2017-09-16,Action,471,CPU: 2GHz, RAM: 4GB, HDD: 20GB
Game-625,2015-09-16,Action,289,CPU: 2GHz, RAM: 4GB, HDD: 20GB
Game-626,2016-09-16,Strategy,787,CPU: 2GHz, RAM: 4GB, HDD: 20GB
Game-627,2016-09-16,Strategy,978,CPU: 2GHz, RAM: 4GB, HDD: 20GB
Game-628,2020-09-16,Action,112,CPU: 2GHz, RAM: 4GB, HDD: 20GB
Game-629,2018-09-16,Strategy,451,CPU: 2GHz, RAM: 4GB, HDD: 20GB
Game-630,2019-09-16,Strategy,82,CPU: 2GHz, RAM: 4GB, HDD: 20GB
Game-631,2023-09-16,Adventure,930,CPU: 2GHz, RAM: 4GB, HDD: 20GB
Game-632,2020-09-16,Action,238,CPU: 2GHz, RAM: 4GB, HDD: 20GB
Game-633,2018-09-16,Strategy,298,CPU: 2GHz, RAM: 4GB, HDD: 20GB
Game-634,2017-09-16,Strategy,71,CPU: 2GHz, RAM: 4GB, HDD: 20GB
Game-635,2022-09-16,Action,6,CPU: 2GHz, RAM: 4GB, HDD: 20GB
Game-636,2022-09-16,Adventure,243,CPU: 2GHz, RAM: 4GB, HDD: 20GB
Game-637,2018-09-16,Action,766,CPU: 2GHz, RAM: 4GB, HDD: 20GB
Game-638,2015-09-16,Strategy,802,CPU: 2GHz, RAM: 4GB, HDD: 20GB
Game-639,2017-09-16,Adventure,700,CPU: 2GHz, RAM: 4GB, HDD: 20GB
Game-640,2021-09-16,Action,543,CPU: 2GHz, RAM: 4GB, HDD: 20GB
Game-641,2018-09-16,Adventure,138,CPU: 2GHz, RAM: 4GB, HDD: 20GB
Game-642,2018-09-16,Strategy,565,CPU: 2GHz, RAM: 4GB, HDD: 20GB
Game-643,2017-09-16,Action,671,CPU: 2GHz, RAM: 4GB, HDD: 20GB
Game-644,2023-09-16,Adventure,897,CPU: 2GHz, RAM: 4GB, HDD: 20GB
Game-645,2017-09-16,Adventure,345,CPU: 2GHz, RAM: 4GB, HDD: 20GB
Game-646,2017-09-16,Strategy,383,CPU: 2GHz, RAM: 4GB, HDD: 20GB
Game-647,2017-09-16,Action,377,CPU: 2GHz, RAM: 4GB, HDD: 20GB
Game-648,2015-09-16,Strategy,239,CPU: 2GHz, RAM: 4GB, HDD: 20GB
Game-649,2023-09-16,Action,820,CPU: 2GHz, RAM: 4GB, HDD: 20GB
Game-650,2022-09-16,Strategy,852,CPU: 2GHz, RAM: 4GB, HDD: 20GB
Game-651,2019-09-16,Adventure,219,CPU: 2GHz, RAM: 4GB, HDD: 20GB
Game-652,2018-09-16,Action,249,CPU: 2GHz, RAM: 4GB, HDD: 20GB
Game-653,2021-09-16,Strategy,931,CPU: 2GHz, RAM: 4GB, HDD: 20GB
Game-654,2023-09-16,Adventure,482,CPU: 2GHz, RAM: 4GB, HDD: 20GB
Game-655,2022-09-16,Strategy,466,CPU: 2GHz, RAM: 4GB, HDD: 20GB
Game-656,2016-09-16,Strategy,836,CPU: 2GHz, RAM: 4GB, HDD: 20GB
Game-657,2023-09-16,Action,337,CPU: 2GHz, RAM: 4GB, HDD: 20GB
Game-658,2018-09-16,Action,370,CPU: 2GHz, RAM: 4GB, HDD: 20GB
Game-659,2020-09-16,Action,674,CPU: 2GHz, RAM: 4GB, HDD: 20GB
Game-660,2015-09-16,Action,165,CPU: 2GHz, RAM: 4GB, HDD: 20GB
Game-661,2021-09-16,Adventure,964,CPU: 2GHz, RAM: 4GB, HDD: 20GB
Game-662,2017-09-16,Adventure,970,CPU: 2GHz, RAM: 4GB, HDD: 20GB
Game-663,2018-09-16,Strategy,253,CPU: 2GHz, RAM: 4GB, HDD: 20GB
Game-664,2022-09-16,Action,728,CPU: 2GHz, RAM: 4GB, HDD: 20GB
Game-665,2015-09-16,Adventure,335,CPU: 2GHz, RAM: 4GB, HDD: 20GB
Game-666,2020-09-16,Strategy,50,CPU: 2GHz, RAM: 4GB, HDD: 20GB
Game-667,2018-09-16,Strategy,652,CPU: 2GHz, RAM: 4GB, HDD: 20GB
Game-668,2019-09-16,Strategy,149,CPU: 2GHz, RAM: 4GB, HDD: 20GB
Game-669,2019-09-16,Adventure,822,CPU: 2GHz, RAM: 4GB, HDD: 20GB
Game-670,2022-09-16,Adventure,258,CPU: 2GHz, RAM: 4GB, HDD: 20GB
Game-671,2018-09-16,Strategy,728,CPU: 2GHz, RAM: 4GB, HDD: 20GB
Game-672,2021-09-16,Strategy,436,CPU: 2GHz, RAM: 4GB, HDD: 20GB
Game-673,2021-09-16,Adventure,979,CPU: 2GHz, RAM: 4GB, HDD: 20GB
Game-674,2023-09-16,Action,719,CPU: 2GHz, RAM: 4GB, HDD: 20GB
Game-675,2020-09-16,Strategy,609,CPU: 2GHz, RAM: 4GB, HDD: 20GB
Game-676,2018-09-16,Adventure,130,CPU: 2GHz, RAM: 4GB, HDD: 20GB
Game-677,2020-09-16,Strategy,891,CPU: 2GHz, RAM: 4GB, HDD: 20GB
Game-678,2019-09-16,Adventure,565,CPU: 2GHz, RAM: 4GB, HDD: 20GB
Game-679,2022-09-16,Action,587,CPU: 2GHz, RAM: 4GB, HDD: 20GB
Game-680,2017-09-16,Action,766,CPU: 2GHz, RAM: 4GB, HDD: 20GB
Game-681,2018-09-16,Adventure,743,CPU: 2GHz, RAM: 4GB, HDD: 20GB
Game-682,2015-09-16,Action,129,CPU: 2GHz, RAM: 4GB, HDD: 20GB
Game-683,2020-09-16,Strategy,541,CPU: 2GHz, RAM: 4GB, HDD: 20GB
Game-684,2018-09-16,Adventure,178,CPU: 2GHz, RAM: 4GB, HDD: 20GB
Game-685,2021-09-16,Strategy,997,CPU: 2GHz, RAM: 4GB, HDD: 20GB
Game-686,2022-09-16,Strategy,314,CPU: 2GHz, RAM: 4GB, HDD: 20GB
Game-687,2018-09-16,Adventure,903,CPU: 2GHz, RAM: 4GB, HDD: 20GB
Game-688,2022-09-16,Action,185,CPU: 2GHz, RAM: 4GB, HDD: 20GB
Game-689,2015-09-16,Adventure,788,CPU: 2GHz, RAM: 4GB, HDD: 20GB
Game-690,2022-09-16,Action,789,CPU: 2GHz, RAM: 4GB, HDD: 20GB
Game-691,2018-09-16,Adventure,481,CPU: 2GHz, RAM: 4GB, HDD: 20GB
Game-692,2020-09-16,Adventure,568,CPU: 2GHz, RAM: 4GB, HDD: 20GB
Game-693,2016-09-16,Strategy,669,CPU: 2GHz, RAM: 4GB, HDD: 20GB
Game-694,2019-09-16,Strategy,863,CPU: 2GHz, RAM: 4GB, HDD: 20GB
Game-695,2017-09-16,Action,303,CPU: 2GHz, RAM: 4GB, HDD: 20GB
Game-696,2022-09-16,Strategy,818,CPU: 2GHz, RAM: 4GB, HDD: 20GB
Game-697,2015-09-16,Action,447,CPU: 2GHz, RAM: 4GB, HDD: 20GB
Game-698,2021-09-16,Strategy,38,CPU: 2GHz, RAM: 4GB, HDD: 20GB
Game-699,2018-09-16,Strategy,924,CPU: 2GHz, RAM: 4GB, HDD: 20GB
Game-700,2017-09-16,Adventure,781,CPU: 2GHz, RAM: 4GB, HDD: 20GB
Game-701,2022-09-16,Action,145,CPU: 2GHz, RAM: 4GB, HDD: 20GB
Game-702,2018-09-16,Adventure,626,CPU: 2GHz, RAM: 4GB, HDD: 20GB
Game-703,2023-09-16,Adventure,182,CPU: 2GHz, RAM: 4GB, HDD: 20GB
Game-704,2015-09-16,Action,999,CPU: 2GHz, RAM: 4GB, HDD: 20GB
Game-705,2018-09-16,Adventure,56,CPU: 2GHz, RAM: 4GB, HDD: 20GB
Game-706,2022-09-16,Strategy,582,CPU: 2GHz, RAM: 4GB, HDD: 20GB
Game-707,2023-09-16,Strategy,862,CPU: 2GHz, RAM: 4GB, HDD: 20GB
Game-708,2017-09-16,Action,109,CPU: 2GHz, RAM: 4GB, HDD: 20GB
Game-709,2017-09-16,Adventure,517,CPU: 2GHz, RAM: 4GB, HDD: 20GB
Game-710,2022-09-16,Adventure,66,CPU: 2GHz, RAM: 4GB, HDD: 20GB
Game-711,2022-09-16,Strategy,582,CPU: 2GHz, RAM: 4GB, HDD: 20GB
Game-712,2017-09-16,Strategy,184,CPU: 2GHz, RAM: 4GB, HDD: 20GB
Game-713,2016-09-16,Action,943,CPU: 2GHz, RAM: 4GB, HDD: 20GB
Game-714,2021-09-16,Action,249,CPU: 2GHz, RAM: 4GB, HDD: 20GB
Game-715,2019-09-16,Adventure,209,CPU: 2GHz, RAM: 4GB, HDD: 20GB
Game-716,2018-09-16,Strategy,298,CPU: 2GHz, RAM: 4GB, HDD: 20GB
Game-717,2019-09-16,Strategy,901,CPU: 2GHz, RAM: 4GB, HDD: 20GB
Game-718,2023-09-16,Adventure,808,CPU: 2GHz, RAM: 4GB, HDD: 20GB
Game-719,2015-09-16,Action,265,CPU: 2GHz, RAM: 4GB, HDD: 20GB
Game-720,2023-09-16,Action,564,CPU: 2GHz, RAM: 4GB, HDD: 20GB
Game-721,2021-09-16,Action,177,CPU: 2GHz, RAM: 4GB, HDD: 20GB
Game-722,2019-09-16,Strategy,399,CPU: 2GHz, RAM: 4GB, HDD: 20GB
Game-723,2019-09-16,Action,931,CPU: 2GHz, RAM: 4GB, HDD: 20GB
Game-724,2023-09-16,Strategy,288,CPU: 2GHz, RAM: 4GB, HDD: 20GB
Game-725,2021-09-16,Strategy,321,CPU: 2GHz, RAM: 4GB, HDD: 20GB
Game-726,2020-09-16,Action,830,CPU: 2GHz, RAM: 4GB, HDD: 20GB
Game-727,2023-09-16,Adventure,770,CPU: 2GHz, RAM: 4GB, HDD: 20GB
Game-728,2023-09-16,Strategy,400,CPU: 2GHz, RAM: 4GB, HDD: 20GB
Game-729,2021-09-16,Strategy,180,CPU: 2GHz, RAM: 4GB, HDD: 20GB
Game-730,2016-09-16,Strategy,378,CPU: 2GHz, RAM: 4GB, HDD: 20GB
Game-731,2017-09-16,Action,620,CPU: 2GHz, RAM: 4GB, HDD: 20GB
Game-732,2023-09-16,Action,845,CPU: 2GHz, RAM: 4GB, HDD: 20GB
Game-733,2021-09-16,Strategy,250,CPU: 2GHz, RAM: 4GB, HDD: 20GB
Game-734,2020-09-16,Adventure,904,CPU: 2GHz, RAM: 4GB, HDD: 20GB
Game-735,2023-09-16,Adventure,790,CPU: 2GHz, RAM: 4GB, HDD: 20GB
Game-736,2018-09-16,Action,750,CPU: 2GHz, RAM: 4GB, HDD: 20GB
Game-737,2022-09-16,Action,215,CPU: 2GHz, RAM: 4GB, HDD: 20GB
Game-738,2022-09-16,Adventure,66,CPU: 2GHz, RAM: 4GB, HDD: 20GB
Game-739,2021-09-16,Action,374,CPU: 2GHz, RAM: 4GB, HDD: 20GB
Game-740,2015-09-16,Adventure,918,CPU: 2GHz, RAM: 4GB, HDD: 20GB
Game-741,2019-09-16,Strategy,154,CPU: 2GHz, RAM: 4GB, HDD: 20GB
Game-742,2023-09-16,Action,340,CPU: 2GHz, RAM: 4GB, HDD: 20GB
Game-743,2021-09-16,Adventure,743,CPU: 2GHz, RAM: 4GB, HDD: 20GB
Game-744,2020-09-16,Action,225,CPU: 2GHz, RAM: 4GB, HDD: 20GB
Game-745,2022-09-16,Adventure,429,CPU: 2GHz, RAM: 4GB, HDD: 20GB
Game-746,2022-09-16,Strategy,123,CPU: 2GHz, RAM: 4GB, HDD: 20GB
Game-747,2023-09-16,Action,924,CPU: 2GHz, RAM: 4GB, HDD: 20GB
Game-748,2023-09-16,Strategy,618,CPU: 2GHz, RAM: 4GB, HDD: 20GB
Game-749,2021-09-16,Adventure,236,CPU: 2GHz, RAM: 4GB, HDD: 20GB
Game-750,2020-09-16,Adventure,446,CPU: 2GHz, RAM: 4GB, HDD: 20GB
Game-751,2020-09-16,Adventure,72,CPU: 2GHz, RAM: 4GB, HDD: 20GB
Game-752,2016-09-16,Strategy,177,CPU: 2GHz, RAM: 4GB, HDD: 20GB
Game-753,2022-09-16,Action,800,CPU: 2GHz, RAM: 4GB, HDD: 20GB
Game-754,2020-09-16,Strategy,866,CPU: 2GHz, RAM: 4GB, HDD: 20GB
Game-755,2023-09-16,Adventure,248,CPU: 2GHz, RAM: 4GB, HDD: 20GB
Game-756,2018-09-16,Action,542,CPU: 2GHz, RAM: 4GB, HDD: 20GB
Game-757,2018-09-16,Strategy,681,CPU: 2GHz, RAM: 4GB, HDD: 20GB
Game-758,2023-09-16,Action,39,CPU: 2GHz, RAM: 4GB, HDD: 20GB
Game-759,2020-09-16,Adventure,345,CPU: 2GHz, RAM: 4GB, HDD: 20GB
Game-760,2021-09-16,Strategy,979,CPU: 2GHz, RAM: 4GB, HDD: 20GB
Game-761,2020-09-16,Strategy,165,CPU: 2GHz, RAM: 4GB, HDD: 20GB
Game-762,2021-09-16,Adventure,437,CPU: 2GHz, RAM: 4GB, HDD: 20GB
Game-763,2018-09-16,Strategy,59,CPU: 2GHz, RAM: 4GB, HDD: 20GB
Game-764,2023-09-16,Action,17,CPU: 2GHz, RAM: 4GB, HDD: 20GB
Game-765,2022-09-16,Adventure,530,CPU: 2GHz, RAM: 4GB, HDD: 20GB
Game-766,2019-09-16,Strategy,739,CPU: 2GHz, RAM: 4GB, HDD: 20GB
Game-767,2016-09-16,Strategy,290,CPU: 2GHz, RAM: 4GB, HDD: 20GB
Game-768,2021-09-16,Adventure,931,CPU: 2GHz, RAM: 4GB, HDD: 20GB
Game-769,2018-09-16,Adventure,950,CPU: 2GHz, RAM: 4GB, HDD: 20GB
Game-770,2018-09-16,Adventure,200,CPU: 2GHz, RAM: 4GB, HDD: 20GB
Game-771,2023-09-16,Strategy,300,CPU: 2GHz, RAM: 4GB, HDD: 20GB
Game-772,2020-09-16,Adventure,553,CPU: 2GHz, RAM: 4GB, HDD: 20GB
Game-773,2021-09-16,Strategy,653,CPU: 2GHz, RAM: 4GB, HDD: 20GB
Game-774,2016-09-16,Action,277,CPU: 2GHz, RAM: 4GB, HDD: 20GB
Game-775,2023-09-16,Adventure,952,CPU: 2GHz, RAM: 4GB, HDD: 20GB
Game-776,2015-09-16,Strategy,889,CPU: 2GHz, RAM: 4GB, HDD: 20GB
Game-777,2019-09-16,Strategy,299,CPU: 2GHz, RAM: 4GB, HDD: 20GB
Game-778,2022-09-16,Action,13,CPU: 2GHz, RAM: 4GB, HDD: 20GB
Game-779,2015-09-16,Strategy,137,CPU: 2GHz, RAM: 4GB, HDD: 20GB
Game-780,2022-09-16,Action,129,CPU: 2GHz, RAM: 4GB, HDD: 20GB
Game-781,2019-09-16,Adventure,717,CPU: 2GHz, RAM: 4GB, HDD: 20GB
Game-782,2018-09-16,Strategy,700,CPU: 2GHz, RAM: 4GB, HDD: 20GB
Game-783,2016-09-16,Strategy,610,CPU: 2GHz, RAM: 4GB, HDD: 20GB
Game-784,2017-09-16,Adventure,2,CPU: 2GHz, RAM: 4GB, HDD: 20GB
Game-785,2020-09-16,Strategy,587,CPU: 2GHz, RAM: 4GB, HDD: 20GB
Game-786,2020-09-16,Adventure,421,CPU: 2GHz, RAM: 4GB, HDD: 20GB
Game-787,2019-09-16,Action,411,CPU: 2GHz, RAM: 4GB, HDD: 20GB
Game-788,2016-09-16,Adventure,984,CPU: 2GHz, RAM: 4GB, HDD: 20GB
Game-789,2018-09-16,Adventure,659,CPU: 2GHz, RAM: 4GB, HDD: 20GB
Game-790,2019-09-16,Strategy,91,CPU: 2GHz, RAM: 4GB, HDD: 20GB
Game-791,2018-09-16,Adventure,510,CPU: 2GHz, RAM: 4GB, HDD: 20GB
Game-792,2022-09-16,Adventure,556,CPU: 2GHz, RAM: 4GB, HDD: 20GB
Game-793,2015-09-16,Strategy,286,CPU: 2GHz, RAM: 4GB, HDD: 20GB
Game-794,2015-09-16,Adventure,80,CPU: 2GHz, RAM: 4GB, HDD: 20GB
Game-795,2018-09-16,Adventure,615,CPU: 2GHz, RAM: 4GB, HDD: 20GB
Game-796,2023-09-16,Action,466,CPU: 2GHz, RAM: 4GB, HDD: 20GB
Game-797,2015-09-16,Action,469,CPU: 2GHz, RAM: 4GB, HDD: 20GB
Game-798,2020-09-16,Adventure,460,CPU: 2GHz, RAM: 4GB, HDD: 20GB
Game-799,2023-09-16,Action,822,CPU: 2GHz, RAM: 4GB, HDD: 20GB
Game-800,2020-09-16,Adventure,570,CPU: 2GHz, RAM: 4GB, HDD: 20GB
Game-801,2017-09-16,Strategy,617,CPU: 2GHz, RAM: 4GB, HDD: 20GB
Game-802,2017-09-16,Strategy,491,CPU: 2GHz, RAM: 4GB, HDD: 20GB
Game-803,2015-09-16,Action,889,CPU: 2GHz, RAM: 4GB, HDD: 20GB
Game-804,2022-09-16,Action,506,CPU: 2GHz, RAM: 4GB, HDD: 20GB
Game-805,2021-09-16,Strategy,485,CPU: 2GHz, RAM: 4GB, HDD: 20GB
Game-806,2018-09-16,Action,271,CPU: 2GHz, RAM: 4GB, HDD: 20GB
Game-807,2022-09-16,Strategy,909,CPU: 2GHz, RAM: 4GB, HDD: 20GB
Game-808,2018-09-16,Adventure,83,CPU: 2GHz, RAM: 4GB, HDD: 20GB
Game-809,2015-09-16,Action,55,CPU: 2GHz, RAM: 4GB, HDD: 20GB
Game-810,2022-09-16,Adventure,711,CPU: 2GHz, RAM: 4GB, HDD: 20GB
Game-811,2019-09-16,Adventure,972,CPU: 2GHz, RAM: 4GB, HDD: 20GB
Game-812,2021-09-16,Adventure,436,CPU: 2GHz, RAM: 4GB, HDD: 20GB
Game-813,2018-09-16,Action,699,CPU: 2GHz, RAM: 4GB, HDD: 20GB
Game-814,2023-09-16,Action,691,CPU: 2GHz, RAM: 4GB, HDD: 20GB
Game-815,2021-09-16,Strategy,800,CPU: 2GHz, RAM: 4GB, HDD: 20GB
Game-816,2019-09-16,Adventure,330,CPU: 2GHz, RAM: 4GB, HDD: 20GB
Game-817,2023-09-16,Action,20,CPU: 2GHz, RAM: 4GB, HDD: 20GB
Game-818,2018-09-16,Adventure,891,CPU: 2GHz, RAM: 4GB, HDD: 20GB
Game-819,2016-09-16,Adventure,913,CPU: 2GHz, RAM: 4GB, HDD: 20GB
Game-820,2023-09-16,Strategy,452,CPU: 2GHz, RAM: 4GB, HDD: 20GB
Game-821,2023-09-16,Strategy,365,CPU: 2GHz, RAM: 4GB, HDD: 20GB
Game-822,2021-09-16,Adventure,107,CPU: 2GHz, RAM: 4GB, HDD: 20GB
Game-823,2020-09-16,Strategy,90,CPU: 2GHz, RAM: 4GB, HDD: 20GB
Game-824,2015-09-16,Action,252,CPU: 2GHz, RAM: 4GB, HDD: 20GB
Game-825,2023-09-16,Action,934,CPU: 2GHz, RAM: 4GB, HDD: 20GB
Game-826,2018-09-16,Adventure,910,CPU: 2GHz, RAM: 4GB, HDD: 20GB
Game-827,2023-09-16,Strategy,870,CPU: 2GHz, RAM: 4GB, HDD: 20GB
Game-828,2021-09-16,Action,655,CPU: 2GHz, RAM: 4GB, HDD: 20GB
Game-829,2022-09-16,Action,494,CPU: 2GHz, RAM: 4GB, HDD: 20GB
Game-830,2020-09-16,Adventure,36,CPU: 2GHz, RAM: 4GB, HDD: 20GB
Game-831,2019-09-16,Strategy,329,CPU: 2GHz, RAM: 4GB, HDD: 20GB
Game-832,2018-09-16,Action,978,CPU: 2GHz, RAM: 4GB, HDD: 20GB
Game-833,2022-09-16,Adventure,909,CPU: 2GHz, RAM: 4GB, HDD: 20GB
Game-834,2022-09-16,Adventure,132,CPU: 2GHz, RAM: 4GB, HDD: 20GB
Game-835,2017-09-16,Action,942,CPU: 2GHz, RAM: 4GB, HDD: 20GB
Game-836,2023-09-16,Action,414,CPU: 2GHz, RAM: 4GB, HDD: 20GB
Game-837,2017-09-16,Adventure,435,CPU: 2GHz, RAM: 4GB, HDD: 20GB
Game-838,2023-09-16,Strategy,877,CPU: 2GHz, RAM: 4GB, HDD: 20GB
Game-839,2016-09-16,Action,750,CPU: 2GHz, RAM: 4GB, HDD: 20GB
Game-840,2016-09-16,Adventure,399,CPU: 2GHz, RAM: 4GB, HDD: 20GB
Game-841,2023-09-16,Strategy,768,CPU: 2GHz, RAM: 4GB, HDD: 20GB
Game-842,2015-09-16,Strategy,581,CPU: 2GHz, RAM: 4GB, HDD: 20GB
Game-843,2021-09-16,Action,288,CPU: 2GHz, RAM: 4GB, HDD: 20GB
Game-844,2018-09-16,Action,881,CPU: 2GHz, RAM: 4GB, HDD: 20GB
Game-845,2016-09-16,Adventure,318,CPU: 2GHz, RAM: 4GB, HDD: 20GB
Game-846,2016-09-16,Action,499,CPU: 2GHz, RAM: 4GB, HDD: 20GB
Game-847,2023-09-16,Adventure,656,CPU: 2GHz, RAM: 4GB, HDD: 20GB
Game-848,2018-09-16,Action,937,CPU: 2GHz, RAM: 4GB, HDD: 20GB
Game-849,2023-09-16,Adventure,989,CPU: 2GHz, RAM: 4GB, HDD: 20GB
Game-850,2016-09-16,Strategy,593,CPU: 2GHz, RAM: 4GB, HDD: 20GB
Game-851,2021-09-16,Adventure,469,CPU: 2GHz, RAM: 4GB, HDD: 20GB
Game-852,2022-09-16,Action,762,CPU: 2GHz, RAM: 4GB, HDD: 20GB
Game-853,2022-09-16,Adventure,278,CPU: 2GHz, RAM: 4GB, HDD: 20GB
Game-854,2023-09-16,Action,601,CPU: 2GHz, RAM: 4GB, HDD: 20GB
Game-855,2019-09-16,Adventure,2,CPU: 2GHz, RAM: 4GB, HDD: 20GB
Game-856,2016-09-16,Strategy,573,CPU: 2GHz, RAM: 4GB, HDD: 20GB
Game-857,2015-09-16,Action,263,CPU: 2GHz, RAM: 4GB, HDD: 20GB
Game-858,2022-09-16,Strategy,855,CPU: 2GHz, RAM: 4GB, HDD: 20GB
Game-859,2020-09-16,Adventure,373,CPU: 2GHz, RAM: 4GB, HDD: 20GB
Game-860,2019-09-16,Adventure,528,CPU: 2GHz, RAM: 4GB, HDD: 20GB
Game-861,2022-09-16,Strategy,734,CPU: 2GHz, RAM: 4GB, HDD: 20GB
Game-862,2018-09-16,Adventure,403,CPU: 2GHz, RAM: 4GB, HDD: 20GB
Game-863,2022-09-16,Adventure,237,CPU: 2GHz, RAM: 4GB, HDD: 20GB
Game-864,2022-09-16,Strategy,650,CPU: 2GHz, RAM: 4GB, HDD: 20GB
Game-865,2015-09-16,Adventure,154,CPU: 2GHz, RAM: 4GB, HDD: 20GB
Game-866,2019-09-16,Adventure,343,CPU: 2GHz, RAM: 4GB, HDD: 20GB
Game-867,2021-09-16,Action,801,CPU: 2GHz, RAM: 4GB, HDD: 20GB
Game-868,2018-09-16,Adventure,136,CPU: 2GHz, RAM: 4GB, HDD: 20GB
Game-869,2015-09-16,Strategy,926,CPU: 2GHz, RAM: 4GB, HDD: 20GB
Game-870,2023-09-16,Adventure,270,CPU: 2GHz, RAM: 4GB, HDD: 20GB
Game-871,2021-09-16,Adventure,624,CPU: 2GHz, RAM: 4GB, HDD: 20GB
Game-872,2019-09-16,Action,5,CPU: 2GHz, RAM: 4GB, HDD: 20GB
Game-873,2019-09-16,Adventure,550,CPU: 2GHz, RAM: 4GB, HDD: 20GB
Game-874,2020-09-16,Action,388,CPU: 2GHz, RAM: 4GB, HDD: 20GB
Game-875,2016-09-16,Action,169,CPU: 2GHz, RAM: 4GB, HDD: 20GB
Game-876,2022-09-16,Adventure,67,CPU: 2GHz, RAM: 4GB, HDD: 20GB
Game-877,2021-09-16,Adventure,462,CPU: 2GHz, RAM: 4GB, HDD: 20GB
Game-878,2022-09-16,Strategy,582,CPU: 2GHz, RAM: 4GB, HDD: 20GB
Game-879,2020-09-16,Action,460,CPU: 2GHz, RAM: 4GB, HDD: 20GB
Game-880,2022-09-16,Adventure,715,CPU: 2GHz, RAM: 4GB, HDD: 20GB
Game-881,2015-09-16,Action,257,CPU: 2GHz, RAM: 4GB, HDD: 20GB
Game-882,2018-09-16,Strategy,103,CPU: 2GHz, RAM: 4GB, HDD: 20GB
Game-883,2016-09-16,Action,125,CPU: 2GHz, RAM: 4GB, HDD: 20GB
Game-884,2015-09-16,Strategy,189,CPU: 2GHz, RAM: 4GB, HDD: 20GB
Game-885,2015-09-16,Adventure,662,CPU: 2GHz, RAM: 4GB, HDD: 20GB
Game-886,2022-09-16,Action,996,CPU: 2GHz, RAM: 4GB, HDD: 20GB
Game-887,2020-09-16,Action,770,CPU: 2GHz, RAM: 4GB, HDD: 20GB
Game-888,2023-09-16,Strategy,582,CPU: 2GHz, RAM: 4GB, HDD: 20GB
Game-889,2020-09-16,Adventure,849,CPU: 2GHz, RAM: 4GB, HDD: 20GB
Game-890,2021-09-16,Action,764,CPU: 2GHz, RAM: 4GB, HDD: 20GB
Game-891,2018-09-16,Strategy,51,CPU: 2GHz, RAM: 4GB, HDD: 20GB
Game-892,2020-09-16,Action,813,CPU: 2GHz, RAM: 4GB, HDD: 20GB
Game-893,2017-09-16,Adventure,820,CPU: 2GHz, RAM: 4GB, HDD: 20GB
Game-894,2019-09-16,Action,865,CPU: 2GHz, RAM: 4GB, HDD: 20GB
Game-895,2023-09-16,Action,416,CPU: 2GHz, RAM: 4GB, HDD: 20GB
Game-896,2017-09-16,Action,259,CPU: 2GHz, RAM: 4GB, HDD: 20GB
Game-897,2021-09-16,Adventure,902,CPU: 2GHz, RAM: 4GB, HDD: 20GB
Game-898,2017-09-16,Action,966,CPU: 2GHz, RAM: 4GB, HDD: 20GB
Game-899,2015-09-16,Action,530,CPU: 2GHz, RAM: 4GB, HDD: 20GB
Game-900,2020-09-16,Adventure,171,CPU: 2GHz, RAM: 4GB, HDD: 20GB
Game-901,2015-09-16,Adventure,577,CPU: 2GHz, RAM: 4GB, HDD: 20GB
Game-902,2022-09-16,Strategy,105,CPU: 2GHz, RAM: 4GB, HDD: 20GB
Game-903,2021-09-16,Adventure,594,CPU: 2GHz, RAM: 4GB, HDD: 20GB
Game-904,2023-09-16,Strategy,231,CPU: 2GHz, RAM: 4GB, HDD: 20GB
Game-905,2022-09-16,Strategy,92,CPU: 2GHz, RAM: 4GB, HDD: 20GB
Game-906,2021-09-16,Strategy,429,CPU: 2GHz, RAM: 4GB, HDD: 20GB
Game-907,2018-09-16,Strategy,335,CPU: 2GHz, RAM: 4GB, HDD: 20GB
Game-908,2020-09-16,Strategy,124,CPU: 2GHz, RAM: 4GB, HDD: 20GB
Game-909,2016-09-16,Adventure,53,CPU: 2GHz, RAM: 4GB, HDD: 20GB
Game-910,2018-09-16,Action,390,CPU: 2GHz, RAM: 4GB, HDD: 20GB
Game-911,2017-09-16,Action,361,CPU: 2GHz, RAM: 4GB, HDD: 20GB
Game-912,2023-09-16,Action,555,CPU: 2GHz, RAM: 4GB, HDD: 20GB
Game-913,2017-09-16,Action,394,CPU: 2GHz, RAM: 4GB, HDD: 20GB
Game-914,2022-09-16,Adventure,116,CPU: 2GHz, RAM: 4GB, HDD: 20GB
Game-915,2016-09-16,Action,168,CPU: 2GHz, RAM: 4GB, HDD: 20GB
Game-916,2019-09-16,Action,67,CPU: 2GHz, RAM: 4GB, HDD: 20GB
Game-917,2018-09-16,Action,918,CPU: 2GHz, RAM: 4GB, HDD: 20GB
Game-918,2023-09-16,Action,746,CPU: 2GHz, RAM: 4GB, HDD: 20GB
Game-919,2018-09-16,Adventure,825,CPU: 2GHz, RAM: 4GB, HDD: 20GB
Game-920,2021-09-16,Adventure,924,CPU: 2GHz, RAM: 4GB, HDD: 20GB
Game-921,2017-09-16,Adventure,832,CPU: 2GHz, RAM: 4GB, HDD: 20GB
Game-922,2023-09-16,Adventure,751,CPU: 2GHz, RAM: 4GB, HDD: 20GB
Game-923,2017-09-16,Action,658,CPU: 2GHz, RAM: 4GB, HDD: 20GB
Game-924,2018-09-16,Action,184,CPU: 2GHz, RAM: 4GB, HDD: 20GB
Game-925,2019-09-16,Action,73,CPU: 2GHz, RAM: 4GB, HDD: 20GB
Game-926,2022-09-16,Action,500,CPU: 2GHz, RAM: 4GB, HDD: 20GB
Game-927,2017-09-16,Action,870,CPU: 2GHz, RAM: 4GB, HDD: 20GB
Game-928,2016-09-16,Strategy,785,CPU: 2GHz, RAM: 4GB, HDD: 20GB
Game-929,2021-09-16,Adventure,328,CPU: 2GHz, RAM: 4GB, HDD: 20GB
Game-930,2017-09-16,Adventure,586,CPU: 2GHz, RAM: 4GB, HDD: 20GB
Game-931,2017-09-16,Strategy,409,CPU: 2GHz, RAM: 4GB, HDD: 20GB
Game-932,2015-09-16,Adventure,320,CPU: 2GHz, RAM: 4GB, HDD: 20GB
Game-933,2015-09-16,Adventure,300,CPU: 2GHz, RAM: 4GB, HDD: 20GB
Game-934,2023-09-16,Action,776,CPU: 2GHz, RAM: 4GB, HDD: 20GB
Game-935,2023-09-16,Strategy,703,CPU: 2GHz, RAM: 4GB, HDD: 20GB
Game-936,2016-09-16,Strategy,662,CPU: 2GHz, RAM: 4GB, HDD: 20GB
Game-937,2020-09-16,Adventure,117,CPU: 2GHz, RAM: 4GB, HDD: 20GB
Game-938,2021-09-16,Strategy,740,CPU: 2GHz, RAM: 4GB, HDD: 20GB
Game-939,2019-09-16,Strategy,181,CPU: 2GHz, RAM: 4GB, HDD: 20GB
Game-940,2017-09-16,Adventure,870,CPU: 2GHz, RAM: 4GB, HDD: 20GB
Game-941,2015-09-16,Action,41,CPU: 2GHz, RAM: 4GB, HDD: 20GB
Game-942,2018-09-16,Adventure,298,CPU: 2GHz, RAM: 4GB, HDD: 20GB
Game-943,2016-09-16,Strategy,367,CPU: 2GHz, RAM: 4GB, HDD: 20GB
Game-944,2020-09-16,Action,576,CPU: 2GHz, RAM: 4GB, HDD: 20GB
Game-945,2020-09-16,Adventure,176,CPU: 2GHz, RAM: 4GB, HDD: 20GB
Game-946,2020-09-16,Strategy,253,CPU: 2GHz, RAM: 4GB, HDD: 20GB
Game-947,2018-09-16,Adventure,661,CPU: 2GHz, RAM: 4GB, HDD: 20GB
Game-948,2021-09-16,Adventure,809,CPU: 2GHz, RAM: 4GB, HDD: 20GB
Game-949,2016-09-16,Action,373,CPU: 2GHz, RAM: 4GB, HDD: 20GB
Game-950,2021-09-16,Action,825,CPU: 2GHz, RAM: 4GB, HDD: 20GB
Game-951,2016-09-16,Adventure,705,CPU: 2GHz, RAM: 4GB, HDD: 20GB
Game-952,2016-09-16,Action,395,CPU: 2GHz, RAM: 4GB, HDD: 20GB
Game-953,2015-09-16,Adventure,623,CPU: 2GHz, RAM: 4GB, HDD: 20GB
Game-954,2020-09-16,Strategy,950,CPU: 2GHz, RAM: 4GB, HDD: 20GB
Game-955,2015-09-16,Strategy,727,CPU: 2GHz, RAM: 4GB, HDD: 20GB
Game-956,2017-09-16,Adventure,151,CPU: 2GHz, RAM: 4GB, HDD: 20GB
Game-957,2019-09-16,Action,981,CPU: 2GHz, RAM: 4GB, HDD: 20GB
Game-958,2018-09-16,Adventure,843,CPU: 2GHz, RAM: 4GB, HDD: 20GB
Game-959,2019-09-16,Adventure,638,CPU: 2GHz, RAM: 4GB, HDD: 20GB
Game-960,2015-09-16,Adventure,792,CPU: 2GHz, RAM: 4GB, HDD: 20GB
Game-961,2022-09-16,Strategy,844,CPU: 2GHz, RAM: 4GB, HDD: 20GB
Game-962,2021-09-16,Adventure,755,CPU: 2GHz, RAM: 4GB, HDD: 20GB
Game-963,2015-09-16,Action,202,CPU: 2GHz, RAM: 4GB, HDD: 20GB
Game-964,2020-09-16,Adventure,508,CPU: 2GHz, RAM: 4GB, HDD: 20GB
Game-965,2019-09-16,Strategy,599,CPU: 2GHz, RAM: 4GB, HDD: 20GB
Game-966,2020-09-16,Strategy,75,CPU: 2GHz, RAM: 4GB, HDD: 20GB
Game-967,2016-09-16,Strategy,285,CPU: 2GHz, RAM: 4GB, HDD: 20GB
Game-968,2020-09-16,Adventure,797,CPU: 2GHz, RAM: 4GB, HDD: 20GB
Game-969,2020-09-16,Strategy,842,CPU: 2GHz, RAM: 4GB, HDD: 20GB
Game-970,2018-09-16,Adventure,103,CPU: 2GHz, RAM: 4GB, HDD: 20GB
Game-971,2017-09-16,Adventure,501,CPU: 2GHz, RAM: 4GB, HDD: 20GB
Game-972,2022-09-16,Strategy,830,CPU: 2GHz, RAM: 4GB, HDD: 20GB
Game-973,2017-09-16,Action,785,CPU: 2GHz, RAM: 4GB, HDD: 20GB
Game-974,2017-09-16,Strategy,282,CPU: 2GHz, RAM: 4GB, HDD: 20GB
Game-975,2019-09-16,Strategy,890,CPU: 2GHz, RAM: 4GB, HDD: 20GB
Game-976,2015-09-16,Action,484,CPU: 2GHz, RAM: 4GB, HDD: 20GB
Game-977,2019-09-16,Adventure,985,CPU: 2GHz, RAM: 4GB, HDD: 20GB
Game-978,2018-09-16,Adventure,63,CPU: 2GHz, RAM: 4GB, HDD: 20GB
Game-979,2018-09-16,Action,529,CPU: 2GHz, RAM: 4GB, HDD: 20GB
Game-980,2023-09-16,Strategy,353,CPU: 2GHz, RAM: 4GB, HDD: 20GB
Game-981,2018-09-16,Adventure,63,CPU: 2GHz, RAM: 4GB, HDD: 20GB
Game-982,2023-09-16,Strategy,763,CPU: 2GHz, RAM: 4GB, HDD: 20GB
Game-983,2017-09-16,Adventure,677,CPU: 2GHz, RAM: 4GB, HDD: 20GB
Game-984,2017-09-16,Action,739,CPU: 2GHz, RAM: 4GB, HDD: 20GB
Game-985,2022-09-16,Strategy,762,CPU: 2GHz, RAM: 4GB, HDD: 20GB
Game-986,2015-09-16,Strategy,709,CPU: 2GHz, RAM: 4GB, HDD: 20GB
Game-987,2018-09-16,Strategy,445,CPU: 2GHz, RAM: 4GB, HDD: 20GB
Game-988,2021-09-16,Action,940,CPU: 2GHz, RAM: 4GB, HDD: 20GB
Game-989,2023-09-16,Strategy,119,CPU: 2GHz, RAM: 4GB, HDD: 20GB
Game-990,2019-09-16,Strategy,126,CPU: 2GHz, RAM: 4GB, HDD: 20GB
Game-991,2015-09-16,Strategy,805,CPU: 2GHz, RAM: 4GB, HDD: 20GB
Game-992,2018-09-16,Action,737,CPU: 2GHz, RAM: 4GB, HDD: 20GB
Game-993,2015-09-16,Adventure,920,CPU: 2GHz, RAM: 4GB, HDD: 20GB
Game-994,2018-09-16,Adventure,51,CPU: 2GHz, RAM: 4GB, HDD: 20GB
Game-995,2022-09-16,Adventure,983,CPU: 2GHz, RAM: 4GB, HDD: 20GB
Game-996,2019-09-16,Adventure,319,CPU: 2GHz, RAM: 4GB, HDD: 20GB
Game-997,2018-09-16,Action,412,CPU: 2GHz, RAM: 4GB, HDD: 20GB
Game-998,2022-09-16,Strategy,724,CPU: 2GHz, RAM: 4GB, HDD: 20GB
Game-999,2016-09-16,Strategy,426,CPU: 2GHz, RAM: 4GB, HDD: 20GB
