Username,Email,RegistrationDate,Country,AccountStatus
Ronald Abel,elizabeth34@webmail.com,2024-07-26,Senegal,False
Lucy Kirby,lucy03@webmail.com,2024-09-02,Belarus,True
Anthony Harris,jessica@yahoo.com,2023-12-22,Tanzania,False
Roger Davies,daniel14@hotmail.com,2024-07-06,Egypt, Arab Rep.,False
Richard Thompson,william86@privacy.net,2024-03-12,Saudi Arabia,False
Mark Andrews,donald57@webmail.com,2024-02-07,Solomon Islands,True
Sandra Walker,steven91@gmail.com,2024-04-26,Bahrain,False
Adam Burrows,carol11@msn.com,2024-07-13,Serbia,False
Donna Thompson,william55@yahoo.com,2024-01-03,El Salvador,False
Lisa Lee,jessica@yahoo.com,2023-10-08,San Marino,True
Anne Jefferson,jennifer05@hotmail.com,2024-03-14,Iran, Islamic Rep.,False
David Hall,judith47@yahoo.com,2024-05-06,Mauritius,False
Mary Martinez,beryl@privacy.net,2024-02-07,Azerbaijan,True
Jennifer Brown,james07@yahoo.com,2023-12-25,Cayman Islands,False
Edwin Jefferson,simon91@yahoo.com,2024-06-06,Lithuania,True
Helen Andrews,donna99@webmail.com,2024-01-16,Malawi,False
Kenneth Anthony,karen28@yahoo.com,2023-11-14,Burundi,False
Robert Williams,betty@gmail.com,2024-01-12,Vietnam,True
Karen Kirby,michelle11@hotmail.com,2024-04-18,Paraguay,True
Ann Anthony,sandra@example.com,2023-10-19,Montenegro,False
Tabitha Martinez,matthew87@gmail.com,2024-05-01,Micronesia, Fed. Sts.,False
Donna Jackson,matthew32@gmail.com,2024-09-15,Ecuador,False
Anthony Martinez,mark84@gmail.com,2024-06-01,Oman,False
Daniel Harrison,david38@gmail.com,2023-11-17,Japan,False
Helen Thomas,christopher41@privacy.net,2024-05-26,Monaco,True
Polly Oates,fiona85@privacy.net,2024-03-27,Lesotho,True
Margaret Jones,charlotte24@gmail.com,2024-09-16,Mexico,False
Christopher Peterson,eve74@gmail.com,2023-10-16,Panama,False
David Grant,anne@yahoo.com,2024-07-19,Yemen, Rep.,False
Robert Martinez,ann57@hotmail.com,2024-08-26,Guyana,True
Judith Davies,patricia90@msn.com,2024-07-08,Indonesia,True
Simon Grant,helen32@gmail.com,2024-07-17,Uruguay,False
Deborah Baker,hugh04@example.com,2024-07-23,Malaysia,True
Edwin Anthony,eve25@msn.com,2024-07-16,Netherlands,True
Adam Dent,terry83@webmail.com,2024-08-07,Latvia,True
Kevin Clarke,thomas72@privacy.net,2023-12-07,Armenia,False
Charles Burrows,laura@msn.com,2023-11-27,France,False
Anthony Martin,anthony20@hotmail.com,2023-10-30,Togo,True
Nancy Harris,kenneth20@msn.com,2023-10-01,Lebanon,False
Michelle Wilson,lucy41@hotmail.com,2024-02-07,Israel,True
Eve Anthony,sarah89@example.com,2024-01-18,American Samoa,True
Charlotte Rodriguez,fiona@privacy.net,2023-12-19,Colombia,False
James Jeffries,beryl@webmail.com,2024-01-23,Turkmenistan,False
Hugh Peterson,brian28@msn.com,2023-12-30,Mali,True
Anne Jones,thomas40@privacy.net,2024-02-21,Madagascar,True
Edgar Stevens,sharon00@gmail.com,2024-07-12,Madagascar,False
Charlotte Oates,maria74@gmail.com,2024-02-18,Fiji,True
Simon Hall,beryl@privacy.net,2023-11-28,Costa Rica,True
Linda Kirby,felicity09@example.com,2024-01-25,American Samoa,False
Donald Smythe,tabitha47@example.com,2024-06-03,Sweden,True
Kimberly Major,maria@example.com,2024-05-08,Bhutan,True
Harold Abel,helen@privacy.net,2023-11-25,Seychelles,True
Michelle Dent,linda72@yahoo.com,2023-12-19,Kyrgyz Republic,False
Michael Stevens,nancy28@webmail.com,2024-03-14,Benin,False
Beryl Wilson,dorothy04@hotmail.com,2024-02-02,Guinea-Bissau,False
Sharon Clarke,charlotte@hotmail.com,2023-12-06,Lao PDR,True
Roger Wilson,jason36@yahoo.com,2024-02-02,Finland,True
Deborah Thomas,ronald70@example.com,2024-04-26,Morocco,True
James Moore,diana89@hotmail.com,2024-04-02,Libya,False
Elizabeth Davis,arthur45@webmail.com,2023-11-03,Brunei Darussalam,True
Michael Jeffries,jennifer01@webmail.com,2024-08-28,Mozambique,True
Helen Smythe,kimberly@hotmail.com,2023-12-20,Maldives,False
Brian Rodriguez,betty75@hotmail.com,2024-08-16,Sri Lanka,True
Matthew Clarke,arthur26@yahoo.com,2024-07-05,Korea, Rep.,False
Richard Wilson,carol27@msn.com,2023-10-26,Turkmenistan,False
Charles Clark,michelle71@webmail.com,2024-01-30,Afghanistan,True
Wendy Yorke,edgar54@gmail.com,2023-12-16,Rwanda,False
Philip Davies,lisa02@webmail.com,2024-06-23,Eritrea,False
Jason Rodriguez,donna27@msn.com,2024-03-17,Guyana,False
Kenneth Jones,betty89@gmail.com,2024-07-23,Solomon Islands,False
Hugh Walker,nancy86@privacy.net,2024-09-04,Australia,False
Michelle Garcia,beryl47@yahoo.com,2024-03-11,Bahamas, The,True
Victoria Lee,tabitha50@yahoo.com,2024-05-03,Uganda,False
John Peterson,kenneth35@example.com,2024-01-01,Ethiopia,False
Hugh Baker,george42@msn.com,2023-10-05,Guam,True
Edward Edwards,charlotte38@yahoo.com,2024-01-14,Sudan,False
Marcus Lake,felicity42@hotmail.com,2024-08-20,Belgium,False
Edgar Clarke,matthew41@msn.com,2024-07-11,Mozambique,True
Charles Thomas,laura32@gmail.com,2024-08-03,Singapore,True
Michael Harris,harold42@webmail.com,2023-11-27,Trinidad and Tobago,False
Marcus Anthony,susan08@webmail.com,2024-05-17,Burundi,False
Maria Hall,marcus17@yahoo.com,2024-06-07,Gambia, The,True
Charles Moore,charles25@webmail.com,2024-07-07,Brazil,False
Brian Yorke,beryl85@hotmail.com,2024-05-06,New Zealand,True
Christopher Anderson,betty@gmail.com,2024-06-09,Uruguay,False
Kenneth Robertson,charles07@example.com,2024-02-02,Korea, Dem. Rep.,False
Herbert Anthony,eve12@hotmail.com,2024-05-25,Iraq,True
Felicity Rodriguez,helen38@msn.com,2023-11-29,Germany,False
Brian Andrews,tabitha99@hotmail.com,2024-08-11,Cuba,False
Jason Anthony,ruth09@gmail.com,2023-11-30,Luxembourg,False
Donna Anderson,felicity@webmail.com,2024-01-03,Paraguay,False
Ursula Lee,karen@hotmail.com,2024-01-01,Micronesia, Fed. Sts.,False
Sharon Abel,laura32@hotmail.com,2023-12-28,United Kingdom,False
Barbara Martin,wendy13@example.com,2024-07-15,Australia,True
George Clark,lisa52@yahoo.com,2024-06-07,Malta,True
Beryl Jefferson,beryl@privacy.net,2024-02-27,United Arab Emirates,False
Cheryl Martin,robyn63@privacy.net,2024-04-30,Ukraine,False
Alison Andrews,sarah69@hotmail.com,2024-02-27,Cyprus,True
Jessica Anderson,robyn39@msn.com,2024-05-06,Italy,True
Lucy Stevens,karen@hotmail.com,2024-08-07,Nicaragua,True
Dorothy Andrews,maria@example.com,2024-07-01,Sweden,False
Adam Peterson,terry07@yahoo.com,2023-11-03,Bermuda,False
Adam Robinson,arthur49@privacy.net,2024-04-12,Singapore,True
Polly Peters,karen@hotmail.com,2024-01-17,Kazakhstan,True
Hugh Major,michelle74@yahoo.com,2023-12-26,Indonesia,True
Dorothy Robertson,anna67@msn.com,2024-02-05,Trinidad and Tobago,True
Paul Davidson,ursula@webmail.com,2024-06-01,Cape Verde,True
Dorothy Walker,cheryl06@example.com,2024-03-19,Lithuania,False
Herbert Anthony,arthur04@msn.com,2023-11-04,Faeroe Islands,True
Hugh Robertson,polly87@hotmail.com,2024-05-24,Malawi,False
Harold Clark,karen@example.com,2024-04-09,Suriname,True
Jessica Anderson,george97@webmail.com,2023-11-22,Trinidad and Tobago,False
Arthur Lewis,charles00@yahoo.com,2024-02-09,Mongolia,False
Polly Jefferson,mark16@yahoo.com,2023-11-01,Australia,True
David Clarke,donald99@hotmail.com,2023-11-27,Serbia,False
Jason Miller,john04@hotmail.com,2024-03-03,Honduras,True
John Thompson,laura52@gmail.com,2024-02-17,Cambodia,True
Edward Yorke,felicity@webmail.com,2024-02-01,Thailand,False
Christopher Jones,edward82@yahoo.com,2024-03-25,Monaco,True
Edgar Taylor,mark64@privacy.net,2024-02-10,Lao PDR,True
Polly Jones,matthew88@privacy.net,2024-08-03,Faeroe Islands,True
Jennifer Moore,david44@gmail.com,2023-12-27,Djibouti,True
Lucy Dent,kevin47@hotmail.com,2024-03-14,Czech Republic,False
Diana Major,judith61@webmail.com,2024-07-30,Cayman Islands,True
Philip Robertson,michael51@example.com,2024-07-02,Portugal,False
Ronald Miller,victoria40@privacy.net,2024-04-03,Guatemala,True
Edwin Walker,karen@hotmail.com,2023-11-21,Belize,True
Jennifer Lewis,robyn23@hotmail.com,2024-08-13,Costa Rica,False
Michael Grant,sharon53@msn.com,2024-01-05,Tanzania,False
Felicity Williams,laura76@webmail.com,2024-07-20,Guinea,False
David Abel,barbara82@privacy.net,2023-10-12,Chile,False
Helena Brown,carol89@hotmail.com,2024-08-01,Venezuela, RB,False
Harold Clark,anne70@example.com,2023-10-04,Czech Republic,False
Mark White,tabitha43@example.com,2024-08-04,Dominican Republic,False
Donald Rodriguez,marcus86@gmail.com,2024-04-07,Tonga,True
Robert Rodriguez,harold22@webmail.com,2024-04-24,Channel Islands,False
Mary Robinson,eve16@example.com,2024-05-10,Greenland,True
Ursula White,deborah58@example.com,2024-02-14,France,False
Edwin Clarke,charlotte96@msn.com,2023-10-02,Bahamas, The,True
Jennifer Lee,joseph74@msn.com,2023-12-19,Afghanistan,False
Roger Robinson,ursula@webmail.com,2023-11-19,Australia,False
Hugh Jones,matthew@yahoo.com,2023-10-16,Ghana,False
Robyn Jones,felicity@webmail.com,2024-07-17,Andorra,False
Anna Anderson,edward39@privacy.net,2023-09-21,Cambodia,True
Laura Thompson,mark25@hotmail.com,2024-01-20,Indonesia,True
Susan Clarke,cheryl04@hotmail.com,2024-04-11,Monaco,True
Kevin Robertson,diana35@msn.com,2024-05-29,Dominica,False
Mary Robertson,jennifer@webmail.com,2024-05-30,Ghana,True
Matthew Abel,karen75@webmail.com,2024-05-02,Argentina,True
Edward Kirk,jessica70@hotmail.com,2024-02-16,Sierra Leone,False
Linda Kirby,kimberly@hotmail.com,2024-07-04,Dominica,True
George Thatcher,jennifer41@hotmail.com,2024-02-14,Madagascar,False
Diana Jeffries,robyn26@example.com,2024-09-13,Pakistan,True
Linda Andrews,sharon97@gmail.com,2024-02-01,Sudan,False
Harold Anderson,mark08@gmail.com,2024-07-11,Eritrea,False
Helen Jefferson,fiona59@gmail.com,2024-01-31,Gambia, The,False
Ronald Kirk,cheryl51@gmail.com,2024-04-22,Israel,False
Mark Davidson,lucy89@hotmail.com,2024-04-26,Philippines,False
David Johnson,beryl47@webmail.com,2024-05-10,Solomon Islands,False
Kenneth Martinez,jessica40@privacy.net,2023-11-28,Mauritius,False
Herbert Baker,matthew58@webmail.com,2023-12-29,Gambia, The,False
Simon Clarke,matthew@yahoo.com,2024-03-15,Ghana,False
Brian Anthony,anna29@webmail.com,2024-03-10,Estonia,True
Charles Clarke,barbara@privacy.net,2024-07-10,United Kingdom,True
Tabitha Wilson,tabitha81@msn.com,2024-07-27,Thailand,False
Lucy Jackson,jason10@yahoo.com,2023-11-17,Andorra,False
Arthur Robertson,wendy58@hotmail.com,2024-03-11,Guinea,False
Deborah Grant,sandra26@hotmail.com,2024-06-07,Austria,True
Nancy Harrison,deborah99@gmail.com,2023-10-23,Barbados,False
Michelle Clarke,margaret90@webmail.com,2023-12-15,Malaysia,False
Thomas Kirk,george34@gmail.com,2023-11-15,Japan,False
William Thompson,mark15@gmail.com,2024-08-18,São Tomé and Principe,True
Sharon Lake,philip@msn.com,2023-10-07,Kenya,False
Simon White,kimberly@hotmail.com,2023-11-12,Guyana,False
Jennifer Lewis,lucy20@privacy.net,2024-07-03,Bulgaria,False
Betty Smith,lisa53@gmail.com,2024-07-22,Venezuela, RB,False
Judith Harrison,tabitha78@privacy.net,2024-08-24,Korea, Dem. Rep.,True
Sharon Washington,george20@gmail.com,2023-10-03,Lithuania,True
Sarah Thatcher,david89@privacy.net,2024-07-20,French Polynesia,True
Kenneth Peters,ann04@example.com,2024-02-29,Myanmar,False
Matthew Wilson,betty48@webmail.com,2024-03-12,Portugal,False
Charles Jefferson,laura96@example.com,2023-10-23,Mali,False
Hugh Andrews,betty74@example.com,2024-09-01,Dominica,True
Anthony Walker,maria94@msn.com,2024-03-14,Brazil,False
Matthew Garcia,simon@example.com,2024-07-29,Fiji,True
Edgar Robinson,thomas94@gmail.com,2024-07-25,Swaziland,True
Edwin Grant,david22@example.com,2024-03-25,Belize,True
Polly Martinez,charlotte47@privacy.net,2024-01-14,Pakistan,False
Charles Moore,linda17@yahoo.com,2024-05-23,Myanmar,True
Adam Major,karen@example.com,2024-07-23,Tajikistan,False
Marcus Harrison,felicity@webmail.com,2024-05-23,New Zealand,True
Edwin Robinson,beryl66@yahoo.com,2023-11-20,Korea, Rep.,False
Simon Peterson,herbert67@msn.com,2023-10-13,Costa Rica,True
Linda Dent,christopher86@webmail.com,2024-08-20,Ecuador,False
Judith Smythe,sharon30@webmail.com,2024-06-17,Denmark,False
Matthew Hall,ann@msn.com,2024-03-07,Venezuela, RB,False
William Clark,barbara93@example.com,2024-01-01,Mauritania,True
Deborah Walker,george57@gmail.com,2023-11-21,Mozambique,True
Michael Peterson,john83@hotmail.com,2024-05-27,Guatemala,False
Anthony Martinez,charlotte70@hotmail.com,2024-04-13,Eritrea,True
George Garcia,simon39@msn.com,2023-11-23,Bolivia,True
Eve Thompson,beryl12@privacy.net,2024-06-19,Hungary,True
Ann Jefferson,charles69@yahoo.com,2024-03-12,Haiti,False
Herbert Lake,kimberly51@msn.com,2023-10-10,Bosnia and Herzegovina,False
Donald Garcia,karen@hotmail.com,2023-11-09,Burkina Faso,False
Daniel Thompson,herbert25@yahoo.com,2024-07-30,Libya,True
Betty Grant,william00@webmail.com,2024-07-27,Mexico,False
John Dent,elizabeth95@hotmail.com,2023-10-12,Serbia,True
Sarah Yorke,helen39@example.com,2024-02-07,Togo,True
Sarah Johnson,anne@yahoo.com,2024-01-11,Bahamas, The,True
William Stevens,paul32@privacy.net,2023-11-05,American Samoa,False
Marcus Stevens,christopher84@privacy.net,2024-01-08,Tajikistan,False
Betty Jefferson,jason24@privacy.net,2024-01-13,Virgin Islands (U.S.),False
Michael Brown,robyn84@msn.com,2024-05-27,Papua New Guinea,True
Judith Andrews,lucy82@webmail.com,2024-08-17,New Zealand,False
Charles Wilson,anna63@yahoo.com,2023-12-29,Sweden,False
Roger Smith,jennifer@webmail.com,2023-11-07,Andorra,False
Hugh Washington,charlotte50@gmail.com,2023-11-12,Argentina,False
Felicity Oates,barbara@privacy.net,2024-07-05,Panama,True
Anne Harris,simon67@example.com,2023-12-16,Tonga,True
Daniel Grant,betty75@msn.com,2024-06-22,Greece,True
Hugh Burrows,susan56@gmail.com,2024-04-09,Liechtenstein,True
Mary Taylor,richard01@yahoo.com,2023-12-24,Honduras,True
Christopher Thatcher,arthur24@privacy.net,2024-03-07,Georgia,True
Karen Burrows,maria@example.com,2023-11-03,Greece,True
Robert Grant,kimberly@hotmail.com,2024-01-24,Tajikistan,True
Patricia Jeffries,matthew13@privacy.net,2024-02-27,Liechtenstein,True
Herbert Stevens,cheryl04@msn.com,2024-03-13,Uganda,True
Kimberly Grant,kimberly@hotmail.com,2023-12-04,Mayotte,True
Karen Walker,felicity57@webmail.com,2023-10-18,Vietnam,False
Tabitha Lee,john88@gmail.com,2024-01-04,Ethiopia,False
Kimberly Moore,donald72@webmail.com,2023-10-31,Belgium,False
William Clark,betty03@gmail.com,2024-07-01,New Zealand,False
Richard Anthony,karen@example.com,2024-07-09,Romania,False
Richard Washington,elizabeth11@hotmail.com,2024-01-03,Liberia,True
Thomas Lake,lisa46@privacy.net,2023-11-07,Haiti,True
Deborah Moore,michael65@example.com,2024-09-06,Andorra,True
Mark Smith,donald28@yahoo.com,2023-11-08,Lesotho,False
John Johnson,eve16@gmail.com,2024-07-06,Guatemala,False
Nancy Clarke,kenneth81@example.com,2024-09-13,India,False
Carol Peterson,robyn39@hotmail.com,2023-11-09,Zimbabwe,True
Richard Kirby,robert26@example.com,2024-05-01,Macao, China,True
Herbert Martinez,mary53@example.com,2024-04-11,Korea, Rep.,False
William Yorke,charles22@privacy.net,2024-07-23,Equatorial Guinea,True
Kimberly Anthony,michelle28@webmail.com,2024-04-05,American Samoa,False
Tabitha Lewis,marcus33@privacy.net,2024-07-12,New Caledonia,False
Edward Dent,lisa80@example.com,2024-07-27,Guam,True
Felicity Davis,paul10@hotmail.com,2024-08-11,Brunei Darussalam,True
William Kirk,carol16@webmail.com,2024-07-13,Ghana,False
Susan Brown,eve38@privacy.net,2023-12-27,Costa Rica,False
Philip Hall,jessica@yahoo.com,2024-07-22,Macao, China,True
Barbara Stevens,maria28@webmail.com,2024-08-21,St. Lucia,False
Jennifer Thompson,karen22@webmail.com,2024-05-19,Ghana,True
Karen Kirby,susan42@hotmail.com,2024-03-14,Belgium,False
Edwin Moore,hugh85@msn.com,2024-07-11,Iraq,False
Thomas Abel,jason46@msn.com,2024-08-14,Korea, Rep.,True
John Jeffries,simon94@privacy.net,2024-04-01,Timor-Leste,True
Robyn Clarkson,anna28@privacy.net,2024-08-02,Faeroe Islands,False
Fiona Garcia,christopher05@webmail.com,2024-07-28,Fiji,False
Harold Rodriguez,thomas04@webmail.com,2024-05-15,Belarus,True
Polly Lewis,harold88@gmail.com,2023-10-25,Poland,True
Edward Anthony,charlotte51@hotmail.com,2024-09-16,Azerbaijan,False
Robert Hall,david92@webmail.com,2024-02-19,Montenegro,False
Matthew Davies,anthony79@yahoo.com,2024-06-04,Oman,True
Arthur Yorke,robert14@webmail.com,2024-02-29,Botswana,False
Ronald Stevens,arthur52@privacy.net,2024-04-08,Trinidad and Tobago,True
Felicity Clarke,anne44@msn.com,2024-07-27,Benin,True
Charlotte Harris,mark46@gmail.com,2024-07-25,Solomon Islands,False
James Smith,marcus14@gmail.com,2024-08-19,United Kingdom,True
Paul Peterson,helen13@msn.com,2024-05-01,Macao, China,True
Daniel Hall,maria69@gmail.com,2024-01-23,Cameroon,False
Christopher Williams,helen@privacy.net,2024-08-31,Sierra Leone,False
James Peters,betty@gmail.com,2024-03-02,Comoros,True
Edwin Martinez,ann42@yahoo.com,2024-03-08,Micronesia, Fed. Sts.,False
Matthew Peters,edgar97@example.com,2024-07-27,Saudi Arabia,False
Robert Harrison,elizabeth39@example.com,2024-02-04,Guinea,False
Sharon Kirby,steven56@yahoo.com,2024-09-02,South Africa,False
James Grant,anne@yahoo.com,2023-11-26,Netherlands,False
Nancy Jeffries,adam41@example.com,2024-01-17,Sierra Leone,False
Christopher Robinson,maria68@gmail.com,2023-10-17,Gambia, The,True
Beryl Lee,james80@msn.com,2023-12-01,Solomon Islands,False
Terry Garcia,brian46@privacy.net,2023-09-24,Kiribati,False
Edwin Anderson,michelle05@msn.com,2024-01-31,Timor-Leste,True
Ronald Smith,carol35@hotmail.com,2024-04-16,French Polynesia,False
Edgar Grant,matthew04@privacy.net,2023-10-30,Portugal,False
Patricia Smythe,philip@msn.com,2024-02-20,Kuwait,False
Daniel Clark,elizabeth04@privacy.net,2023-12-12,Korea, Dem. Rep.,True
Donna Peterson,beryl@privacy.net,2024-09-15,Bahrain,True
Christopher Walker,jason49@example.com,2024-09-13,Chad,True
Wendy Davies,kimberly@hotmail.com,2023-11-19,Italy,True
Mark Clarkson,james93@yahoo.com,2024-01-24,Guinea-Bissau,True
Jessica Jones,jennifer19@msn.com,2024-07-05,Zimbabwe,True
Patricia Martinez,beryl44@example.com,2024-04-07,Lithuania,False
Ruth Harris,alison40@msn.com,2024-06-20,Namibia,False
Thomas Clarke,linda46@webmail.com,2024-01-14,Korea, Dem. Rep.,True
Arthur Dent,margaret12@yahoo.com,2024-09-13,Haiti,True
Jason Anthony,kenneth36@hotmail.com,2024-08-29,Egypt, Arab Rep.,True
Kevin Davis,patricia75@privacy.net,2023-09-28,Cameroon,True
Cheryl Taylor,michael63@example.com,2024-07-04,Spain,True
David Davis,kevin89@webmail.com,2024-09-09,Suriname,False
Laura Jackson,anne@yahoo.com,2024-09-06,Estonia,False
Hugh Rodriguez,edward27@example.com,2024-04-14,Isle of Man,False
Daniel Davidson,anthony94@privacy.net,2024-04-30,Uganda,True
Thomas Miller,betty70@msn.com,2023-10-22,New Caledonia,False
Herbert Johnson,helena12@yahoo.com,2023-12-10,China,True
Michelle Harris,nancy46@yahoo.com,2023-12-30,United Kingdom,True
Linda Davis,edgar20@webmail.com,2024-09-04,Ethiopia,False
Joseph Robinson,margaret51@yahoo.com,2023-12-26,Paraguay,False
Nancy Peters,charlotte@hotmail.com,2023-12-28,Brunei Darussalam,False
Linda Davies,mary67@privacy.net,2024-04-02,French Polynesia,False
Linda Lee,laura@msn.com,2024-06-22,Macao, China,False
Michael Kirby,richard59@yahoo.com,2024-03-20,Chad,True
Daniel Kirk,charles96@webmail.com,2024-02-11,Nigeria,True
Lisa Walker,jason04@example.com,2024-06-08,Gambia, The,True
Donald Walker,philip@msn.com,2023-10-07,Dominican Republic,False
Marcus Kirby,sarah01@example.com,2024-01-26,Liechtenstein,False
William Washington,richard82@privacy.net,2024-05-06,Chile,False
Lisa Jackson,brian95@yahoo.com,2023-10-12,Monaco,False
Donna Taylor,judith44@example.com,2024-03-02,Netherlands Antilles,False
Matthew Burrows,maria34@msn.com,2023-12-01,Switzerland,False
Karen Smythe,alison57@msn.com,2023-12-16,Gambia, The,True
Edwin Clarke,betty25@privacy.net,2024-07-01,El Salvador,True
Alison Lewis,elizabeth87@example.com,2023-11-11,Chile,False
Karen Lake,kimberly24@example.com,2023-11-27,Isle of Man,True
Patricia Smythe,carol02@webmail.com,2023-10-10,Paraguay,False
Felicity Hall,linda73@yahoo.com,2024-02-18,Cape Verde,True
Brian Oates,alison00@yahoo.com,2023-11-19,Mongolia,True
Harold Thomas,philip@msn.com,2023-12-19,Marshall Islands,False
Robyn Jones,donald06@privacy.net,2023-12-28,Monaco,False
Susan Jackson,ann24@privacy.net,2023-10-12,Kiribati,False
Maria Rodriguez,linda83@privacy.net,2024-04-17,Bhutan,False
Judith Lake,ann63@msn.com,2023-10-01,Albania,False
Tabitha Davis,david64@example.com,2024-01-29,São Tomé and Principe,False
Arthur Burrows,kenneth21@example.com,2024-08-18,Cayman Islands,True
Matthew Burrows,cheryl73@yahoo.com,2024-07-21,Kiribati,True
Donald Walker,helen@privacy.net,2023-11-30,Macedonia, FYR,False
Richard Brown,christopher52@gmail.com,2024-07-12,Bahamas, The,False
Diana Davis,mary73@gmail.com,2024-07-20,Cape Verde,False
Jason Williams,thomas13@gmail.com,2024-07-02,Azerbaijan,True
Christopher Clarkson,helena82@yahoo.com,2023-12-15,Virgin Islands (U.S.),True
Beryl Williams,richard04@hotmail.com,2024-07-23,Mongolia,False
Donald Jeffries,helen69@webmail.com,2024-02-19,Virgin Islands (U.S.),True
Deborah Taylor,joseph97@msn.com,2024-01-06,Macedonia, FYR,False
Laura Garcia,anne71@webmail.com,2024-03-13,Paraguay,True
Steven Stevens,sarah16@privacy.net,2023-12-06,Andorra,False
Donna Stevens,kenneth30@privacy.net,2024-05-09,Kenya,False
Roger Robertson,charles93@webmail.com,2023-10-25,Barbados,True
Philip Davidson,ursula@webmail.com,2024-02-01,Mayotte,True
Kevin Jefferson,helen07@webmail.com,2024-05-24,Cambodia,False
Helena Johnson,beryl@webmail.com,2024-07-30,Hong Kong, China,False
Linda Jackson,joseph07@example.com,2024-02-06,Ireland,True
Kenneth Grant,joseph41@msn.com,2023-11-12,Finland,False
Jason Harris,sarah33@example.com,2024-05-15,Namibia,True
Cheryl Miller,diana49@hotmail.com,2023-12-14,Trinidad and Tobago,True
David Burrows,robyn44@yahoo.com,2024-04-24,Faeroe Islands,True
Anne Thomas,paul57@webmail.com,2024-05-01,Togo,False
Patricia Walker,harold60@yahoo.com,2024-04-20,Slovak Republic,False
Nancy Martin,daniel47@example.com,2024-08-28,Israel,True
Edwin Robinson,laura53@hotmail.com,2023-09-19,Netherlands,False
David Harrison,matthew44@gmail.com,2023-10-07,Uruguay,False
Sandra Robertson,christopher94@webmail.com,2023-12-24,Bolivia,False
Helen Oates,ruth12@msn.com,2024-01-14,Guam,True
Nancy Washington,steven86@gmail.com,2024-05-10,Hong Kong, China,True
Daniel Dent,susan00@example.com,2024-08-17,Madagascar,True
Philip Hall,karen@example.com,2024-08-27,Iraq,False
Simon Edwards,ursula06@webmail.com,2024-04-16,Thailand,False
Paul Dent,philip@msn.com,2024-05-31,Papua New Guinea,False
Jason Harris,sandra@example.com,2024-01-16,Central African Republic,True
Linda Thomas,betty85@webmail.com,2023-09-23,Rwanda,False
Fiona Harris,jason42@webmail.com,2024-08-20,Isle of Man,True
Ann Lake,simon20@gmail.com,2024-05-09,Gabon,False
Laura Harrison,ronald56@hotmail.com,2023-09-30,Cambodia,False
Michelle Miller,brian93@hotmail.com,2024-09-03,Djibouti,True
Dorothy Major,adam73@example.com,2023-11-24,Monaco,True
Patricia Taylor,hugh01@gmail.com,2024-08-30,Burundi,False
Charlotte Miller,cheryl94@privacy.net,2024-04-29,Belize,False
Polly Major,marcus36@yahoo.com,2023-11-19,West Bank and Gaza,False
Christopher Clark,ann@msn.com,2023-10-11,Haiti,True
Jason Moore,philip57@gmail.com,2023-11-21,Brunei Darussalam,False
Arthur Rodriguez,john21@example.com,2024-05-20,Jamaica,False
Brian Taylor,dorothy49@example.com,2024-05-25,Venezuela, RB,True
Sarah Major,kimberly@hotmail.com,2024-04-09,China,True
Laura Wilson,joseph85@gmail.com,2024-08-17,Swaziland,True
Kevin Garcia,wendy33@gmail.com,2024-09-15,Korea, Rep.,True
Jessica Smythe,dorothy87@yahoo.com,2024-01-01,Jamaica,True
John Thatcher,kimberly@hotmail.com,2024-02-02,Vanuatu,False
Jason Jones,ursula58@example.com,2024-02-27,Korea, Rep.,False
Paul Lee,donna37@privacy.net,2024-05-16,Latvia,True
Barbara Dent,beryl@privacy.net,2024-05-30,Dominican Republic,False
Daniel Lewis,maria79@example.com,2023-09-24,Thailand,False
Ursula Thatcher,betty@gmail.com,2023-10-01,Korea, Rep.,False
Edwin Clarke,herbert46@yahoo.com,2024-02-18,Morocco,False
Karen Thomas,fiona52@msn.com,2023-12-26,Togo,True
Helen Lewis,barbara23@privacy.net,2023-10-05,Latvia,False
Karen Williams,karen@example.com,2024-02-21,Macao, China,True
Helen Brown,ursula27@example.com,2023-12-23,Ireland,True
Anthony Harrison,nancy26@gmail.com,2024-06-22,Austria,False
Sandra Hall,karen44@example.com,2024-07-23,Brunei Darussalam,True
John Anthony,robert72@gmail.com,2024-07-26,Singapore,False
Charlotte Kirk,anne29@webmail.com,2024-03-11,Colombia,False
Donna Davidson,jennifer@webmail.com,2023-11-25,Botswana,False
Elizabeth Edwards,marcus30@yahoo.com,2024-03-30,Dominican Republic,True
Nancy White,nancy86@webmail.com,2024-07-24,Panama,False
Helena Peters,robyn06@privacy.net,2024-05-06,Grenada,False
Victoria Jackson,anne@yahoo.com,2024-06-05,Maldives,False
Nancy Lewis,donald43@privacy.net,2023-10-29,Thailand,False
Kimberly Davis,helen@privacy.net,2024-04-26,New Caledonia,True
Harold Jones,mary71@webmail.com,2024-05-06,Iceland,True
Arthur White,arthur61@privacy.net,2023-12-05,St. Lucia,False
Jessica Edwards,brian11@gmail.com,2024-03-23,Macao, China,False
Terry Baker,matthew@yahoo.com,2024-06-04,Zimbabwe,False
Tabitha Anthony,helen@privacy.net,2024-02-19,Iceland,True
Tabitha Robertson,daniel44@yahoo.com,2024-06-23,Zimbabwe,False
Judith Yorke,daniel36@yahoo.com,2024-08-27,Bosnia and Herzegovina,False
Michael Clark,linda88@yahoo.com,2023-11-19,Cayman Islands,True
Helen Major,matthew@yahoo.com,2023-10-27,Bosnia and Herzegovina,True
Ronald Clarke,kevin04@hotmail.com,2023-10-16,Yemen, Rep.,False
Thomas Major,jason35@gmail.com,2024-04-04,Finland,False
Matthew Thatcher,jessica23@msn.com,2023-12-24,Russian Federation,False
Simon Peterson,jennifer46@gmail.com,2024-08-21,Kiribati,False
Herbert Garcia,betty14@privacy.net,2023-11-15,Uzbekistan,True
Michael Clarke,carol91@example.com,2024-09-14,Tunisia,True
Jason Taylor,betty@gmail.com,2024-06-14,Turkmenistan,True
Nancy Robinson,edward50@hotmail.com,2023-11-05,Macedonia, FYR,True
John Walker,eve07@gmail.com,2023-10-06,Bangladesh,True
Deborah Smith,david67@msn.com,2024-09-15,Eritrea,False
William Yorke,charles39@hotmail.com,2023-11-21,Vietnam,True
Beryl Wilson,ronald16@yahoo.com,2023-12-08,Burundi,True
Daniel Garcia,donald38@hotmail.com,2023-10-21,Guam,False
Kenneth Walker,simon@example.com,2024-06-18,Jordan,True
Hugh Jefferson,marcus10@hotmail.com,2024-05-18,Eritrea,True
Jason Clarke,felicity14@privacy.net,2023-12-14,Qatar,False
Susan Dent,maria56@msn.com,2024-07-28,Qatar,True
Wendy Robertson,ruth29@privacy.net,2023-10-17,Turkey,True
Lucy White,helena94@privacy.net,2024-04-04,Niger,True
Charles Thatcher,mark33@webmail.com,2024-08-13,Albania,False
Maria Martinez,steven09@msn.com,2023-09-28,Côte d'Ivoire,True
Mary Thompson,beryl@webmail.com,2024-06-29,Marshall Islands,False
Diana Washington,lisa90@webmail.com,2023-12-12,Rwanda,False
Fiona Thomas,kimberly36@gmail.com,2024-06-13,Antigua and Barbuda,False
Thomas Peters,edwin92@hotmail.com,2024-08-13,Bermuda,True
Victoria Harrison,brian94@gmail.com,2024-06-23,Japan,False
Jennifer Jeffries,anna56@yahoo.com,2023-12-18,Netherlands Antilles,True
Robert Martinez,donald13@msn.com,2023-12-04,Slovak Republic,False
Sandra Lake,susan62@gmail.com,2024-03-28,Comoros,True
Diana Robinson,felicity00@webmail.com,2024-01-13,Mauritania,True
Joseph Andrews,helena27@yahoo.com,2023-12-07,Italy,True
Eve Miller,terry27@gmail.com,2023-12-23,Austria,True
Patricia Abel,beryl39@hotmail.com,2023-11-10,Croatia,False
Polly Rodriguez,charlotte@hotmail.com,2024-05-30,Estonia,True
Fiona Miller,richard95@example.com,2024-06-09,Congo, Rep.,False
Roger Jefferson,laura39@example.com,2024-02-08,Mauritius,False
Brian Oates,christopher27@example.com,2024-05-08,Sweden,False
Helena Brown,robyn18@example.com,2024-07-31,Lithuania,False
Eve Peterson,margaret06@hotmail.com,2024-02-28,Mexico,False
Nancy Jackson,ann05@gmail.com,2024-08-14,Kenya,True
Terry Clarkson,susan06@yahoo.com,2024-01-22,Ukraine,False
Victoria Abel,patricia95@msn.com,2023-10-24,Sierra Leone,True
Michael Taylor,hugh51@gmail.com,2023-09-20,Gabon,True
Michael Major,william85@privacy.net,2023-12-25,Grenada,False
Jessica Clarkson,sharon10@webmail.com,2024-01-26,Mozambique,False
Christopher Taylor,michael61@msn.com,2024-05-31,Yemen, Rep.,False
Judith Thomas,james18@msn.com,2024-02-16,Marshall Islands,True
Brian Oates,william51@gmail.com,2024-01-29,Antigua and Barbuda,False
Kevin Martinez,laura22@gmail.com,2024-01-05,Kenya,False
Jessica Clarke,jason34@yahoo.com,2024-04-25,Guinea,True
Mark Kirk,arthur19@example.com,2024-06-13,Latvia,True
Hugh Martinez,michael35@privacy.net,2024-02-03,Nigeria,False
Elizabeth Robertson,patricia13@privacy.net,2024-09-09,Eritrea,False
Philip Brown,jessica@yahoo.com,2024-01-17,Belarus,False
David Davis,robert88@yahoo.com,2024-08-16,Argentina,True
Edwin Edwards,lucy29@hotmail.com,2023-11-25,Tanzania,True
Lucy Garcia,anne@yahoo.com,2024-03-02,Italy,True
Edward Clarkson,kenneth@example.com,2024-09-09,Lebanon,False
Harold Davidson,edgar18@example.com,2024-08-29,Russian Federation,True
Sarah Taylor,karen@example.com,2024-08-17,Cameroon,True
David Thompson,ursula30@webmail.com,2024-03-30,Portugal,True
Hugh Davidson,barbara@privacy.net,2024-02-16,Samoa,True
Ursula Williams,lisa48@privacy.net,2024-06-03,Guinea,False
Karen Harris,kimberly97@msn.com,2024-08-18,Tonga,False
Laura Jackson,simon@example.com,2024-01-14,Colombia,False
Sandra Edwards,carol65@yahoo.com,2024-03-04,French Polynesia,False
Sandra Jefferson,alison43@hotmail.com,2024-03-13,Tajikistan,False
Deborah Garcia,kenneth@example.com,2023-11-24,Bosnia and Herzegovina,True
Steven Clark,charlotte41@privacy.net,2023-10-26,Solomon Islands,False
Ursula Washington,matthew92@msn.com,2023-12-11,Albania,True
Lucy Peterson,ruth20@example.com,2024-05-05,Guam,False
Robert Hall,charles38@gmail.com,2024-01-19,United Kingdom,True
Victoria Edwards,charlotte30@yahoo.com,2024-02-01,Andorra,False
Ruth Johnson,michael28@webmail.com,2024-03-25,San Marino,True
Diana Lewis,beryl82@privacy.net,2024-01-21,Chad,True
Alison Jackson,lisa79@yahoo.com,2024-02-04,Libya,False
Robert Yorke,richard38@hotmail.com,2024-03-26,Jamaica,True
Steven Peters,mary54@webmail.com,2024-09-07,Japan,True
Christopher Smith,kenneth@example.com,2023-09-18,Cuba,False
Simon Taylor,george51@yahoo.com,2024-06-02,Seychelles,False
Lucy Lee,beryl@privacy.net,2024-09-06,Virgin Islands (U.S.),True
Edwin Davidson,ursula30@privacy.net,2024-01-03,Luxembourg,False
David Williams,judith92@example.com,2023-11-09,Mayotte,False
Michael Smith,beryl@webmail.com,2023-12-16,South Africa,False
Arthur Williams,joseph51@example.com,2023-11-08,Congo, Rep.,False
Robyn Washington,thomas51@example.com,2024-06-19,Zambia,True
Steven Dent,karen@example.com,2024-02-09,Belarus,False
Daniel Stevens,mary67@msn.com,2024-01-18,Thailand,False
Michael Anthony,sharon18@msn.com,2023-09-24,Swaziland,True
Linda Harris,kevin62@example.com,2023-10-24,Argentina,True
Elizabeth Lake,charlotte@hotmail.com,2024-02-15,Guinea,True
Hugh Jeffries,mark31@example.com,2024-09-15,Macedonia, FYR,False
Terry Robertson,anna84@example.com,2023-10-10,Brazil,True
Adam Martin,george59@gmail.com,2024-05-04,Turkmenistan,True
Diana Grant,anne19@hotmail.com,2024-09-14,Solomon Islands,True
Roger Brown,herbert38@privacy.net,2023-12-05,Panama,True
Richard Rodriguez,william91@gmail.com,2024-03-01,Switzerland,True
Christopher Anderson,john37@gmail.com,2024-05-11,Argentina,True
Steven Stevens,herbert59@webmail.com,2024-03-09,Lesotho,True
Victoria White,ann94@privacy.net,2024-07-03,New Caledonia,True
Harold Moore,barbara@privacy.net,2023-10-27,French Polynesia,True
George Stevens,robert22@webmail.com,2024-04-06,Samoa,False
Diana Robertson,felicity@webmail.com,2023-10-18,Montenegro,False
Laura Clarke,nancy74@webmail.com,2023-12-14,Barbados,False
Terry Brown,mary12@msn.com,2023-09-29,Mayotte,False
Ursula Williams,matthew@yahoo.com,2023-12-24,China,False
Richard Wilson,jessica44@msn.com,2024-09-13,Colombia,True
Dorothy Lee,william46@example.com,2023-12-07,Kuwait,True
Sandra Walker,karen99@msn.com,2024-06-22,Bahamas, The,True
Roger Abel,daniel09@privacy.net,2024-05-14,Sudan,False
Marcus Robertson,edward92@yahoo.com,2024-05-24,Channel Islands,False
Beryl Anthony,helena19@privacy.net,2024-02-01,Aruba,True
Carol Jones,deborah71@example.com,2024-04-02,Bosnia and Herzegovina,False
Harold Harrison,ursula65@yahoo.com,2024-01-15,Andorra,False
David Johnson,diana16@gmail.com,2024-01-16,United Arab Emirates,False
Michael Thompson,alison88@webmail.com,2024-06-10,French Polynesia,False
Alison Lee,helen52@msn.com,2024-08-07,Chile,True
Brian Major,helen89@hotmail.com,2023-11-15,Niger,False
Anthony Moore,ronald34@webmail.com,2023-10-24,Cayman Islands,False
Polly Lee,christopher19@msn.com,2023-09-25,Bangladesh,True
Sharon Garcia,kevin55@example.com,2024-01-26,Iran, Islamic Rep.,False
Michelle Jackson,christopher34@webmail.com,2023-12-18,Bahrain,False
Karen Garcia,ann96@msn.com,2024-06-21,Thailand,True
David Anthony,mark17@example.com,2023-10-05,Cayman Islands,False
Thomas Thomas,patricia23@msn.com,2023-10-30,Slovak Republic,False
Ursula Oates,mark29@msn.com,2023-10-26,Poland,True
Herbert Anderson,alison67@gmail.com,2024-08-05,Bulgaria,False
Hugh Washington,helena84@gmail.com,2023-11-19,Sri Lanka,False
Brian Burrows,beryl28@example.com,2024-09-10,France,True
Patricia Moore,helen@privacy.net,2024-07-07,Morocco,True
Felicity Martin,philip@msn.com,2023-12-08,Cuba,False
Kevin Garcia,roger50@gmail.com,2023-10-08,Micronesia, Fed. Sts.,False
Robert Thomas,jessica@yahoo.com,2024-08-12,Cuba,False
Paul Harrison,jessica@yahoo.com,2024-06-21,Philippines,True
Sandra Dent,laura50@yahoo.com,2024-03-08,Russian Federation,False
Ann Miller,kimberly@hotmail.com,2023-11-21,Mozambique,False
Michael Wilson,kevin38@webmail.com,2023-09-23,Montenegro,False
Dorothy Robertson,charlotte@hotmail.com,2024-05-07,Bolivia,False
Arthur Jeffries,margaret14@yahoo.com,2024-08-15,Trinidad and Tobago,True
Charlotte Washington,george78@privacy.net,2024-03-31,Seychelles,True
Thomas Thomas,maria@example.com,2024-03-24,Sudan,True
Jennifer Dent,felicity12@yahoo.com,2024-08-17,St. Vincent and the Grenadines,False
Jason Baker,marcus52@example.com,2024-07-12,Solomon Islands,True
Susan Hall,michelle24@privacy.net,2024-01-20,Slovenia,False
Carol Martin,sarah13@hotmail.com,2024-08-02,Egypt, Arab Rep.,True
Daniel Jeffries,james10@msn.com,2023-12-28,Germany,True
Christopher Taylor,herbert70@example.com,2023-12-22,Bhutan,False
Richard Smythe,anna93@privacy.net,2024-04-21,Niger,True
Anne Edwards,matthew@yahoo.com,2024-03-03,Cameroon,True
Polly Jefferson,kimberly@hotmail.com,2024-07-31,Angola,False
Anthony Baker,joseph13@yahoo.com,2023-10-16,Montenegro,False
Victoria Abel,helena84@gmail.com,2023-10-28,Netherlands,True
Helen Miller,nancy72@example.com,2024-08-05,Lebanon,True
Christopher Clarkson,donna95@example.com,2023-12-10,Djibouti,True
Arthur Rodriguez,cheryl82@privacy.net,2023-09-24,Uruguay,False
Herbert Grant,edwin89@privacy.net,2024-02-07,South Africa,False
Polly Andrews,elizabeth52@hotmail.com,2023-09-24,Channel Islands,False
Edward Robertson,brian95@example.com,2023-12-02,Barbados,True
Felicity Jefferson,james07@webmail.com,2024-01-31,Bahrain,False
Michael Peterson,mark99@msn.com,2023-11-24,São Tomé and Principe,False
Susan Jefferson,hugh73@privacy.net,2024-06-08,Isle of Man,False
Anne Anderson,dorothy80@hotmail.com,2023-10-15,Pakistan,False
Tabitha Peters,wendy32@yahoo.com,2024-05-17,Monaco,True
Adam Clarke,john64@hotmail.com,2024-04-13,Myanmar,True
Ronald Peterson,lisa68@gmail.com,2024-06-10,Netherlands Antilles,False
Edwin Harris,robyn18@privacy.net,2024-04-14,Luxembourg,False
Linda Thomas,ruth00@gmail.com,2024-07-31,Uganda,False
Charles Hall,thomas50@yahoo.com,2023-10-27,France,True
Nancy Williams,edward48@yahoo.com,2023-11-05,Papua New Guinea,True
Ursula White,sarah08@example.com,2024-04-26,Turkey,False
Marcus Clarkson,philip@msn.com,2024-08-25,Lesotho,False
Alison Smith,joseph25@gmail.com,2024-01-14,Pakistan,False
Herbert Anthony,laura00@msn.com,2024-02-29,Slovak Republic,True
Anna Kirk,robert91@example.com,2023-12-14,Tunisia,False
Richard Thatcher,ruth10@msn.com,2023-11-23,Belize,False
Kevin Jackson,edwin81@gmail.com,2024-09-03,Cayman Islands,False
Helena Harris,edwin76@gmail.com,2024-07-19,Fiji,False
Edward Brown,betty@gmail.com,2024-08-09,Seychelles,True
Margaret Wilson,felicity@webmail.com,2024-08-09,West Bank and Gaza,False
Carol Davidson,daniel63@webmail.com,2024-08-06,Comoros,True
Steven Johnson,harold16@privacy.net,2024-09-05,Ethiopia,True
Sharon Martin,jennifer07@msn.com,2024-04-07,Venezuela, RB,False
William Peterson,simon01@example.com,2024-03-03,Azerbaijan,True
Michael Thompson,charlotte75@hotmail.com,2023-10-30,Peru,False
Sandra Davis,herbert60@hotmail.com,2024-08-18,Belgium,False
Michelle Lewis,polly07@msn.com,2023-10-19,Aruba,True
Michael Taylor,betty61@example.com,2024-04-08,Guinea,True
Nancy Stevens,susan78@example.com,2024-06-29,Netherlands Antilles,False
Terry Miller,helen48@webmail.com,2024-06-19,San Marino,False
David Peters,edgar58@webmail.com,2024-03-15,Chad,False
Linda Davidson,arthur60@webmail.com,2024-03-20,Seychelles,True
Laura Grant,ann16@example.com,2024-05-02,Iraq,True
Sarah Hall,laura54@gmail.com,2024-06-13,Bangladesh,True
Donald Martinez,jennifer@webmail.com,2024-01-10,Northern Mariana Islands,False
Sandra Hall,christopher65@privacy.net,2023-09-21,Fiji,False
Ruth Clarkson,alison45@yahoo.com,2023-11-11,Eritrea,True
Roger Robertson,william33@privacy.net,2023-11-02,Somalia,False
George Burrows,karen@example.com,2023-11-04,Sri Lanka,False
Ruth Davies,carol30@webmail.com,2024-04-07,Macao, China,True
Paul Davidson,beryl50@gmail.com,2024-01-26,Virgin Islands (U.S.),True
Arthur Brown,dorothy51@gmail.com,2024-03-07,Kyrgyz Republic,True
Matthew White,patricia15@example.com,2023-09-21,Samoa,True
Cheryl Hall,polly10@hotmail.com,2024-08-30,Costa Rica,False
Wendy Clarkson,joseph76@msn.com,2023-12-31,New Zealand,False
Polly Williams,simon43@hotmail.com,2024-07-13,Gambia, The,True
Robyn Abel,beryl72@example.com,2024-03-20,Colombia,False
Richard Williams,william95@yahoo.com,2024-05-18,Luxembourg,False
Joseph Lee,mary63@yahoo.com,2024-01-14,Faeroe Islands,False
Eve Stevens,jason60@yahoo.com,2024-05-02,Korea, Rep.,True
Karen Clarkson,jennifer@webmail.com,2024-07-04,Belgium,True
Lucy Robinson,jason88@hotmail.com,2024-08-17,Luxembourg,True
Anna Walker,john52@webmail.com,2024-08-17,Cayman Islands,True
Robert Edwards,felicity@webmail.com,2023-12-05,Cape Verde,True
Herbert Lee,kimberly94@privacy.net,2024-03-09,São Tomé and Principe,True
Fiona Washington,mary54@hotmail.com,2024-02-27,Mali,True
John Martinez,philip63@example.com,2024-05-02,St. Kitts and Nevis,True
Hugh Anderson,thomas81@example.com,2024-09-15,Tajikistan,True
Marcus Anderson,jessica@yahoo.com,2024-05-31,Sierra Leone,False
Anne Lake,helen@privacy.net,2024-08-02,Mauritius,False
Donna Kirk,wendy95@webmail.com,2023-12-30,Moldova,True
Nancy Washington,robert04@gmail.com,2024-08-18,Latvia,True
Matthew Wilson,simon59@example.com,2023-10-12,Portugal,False
Sharon Jefferson,cheryl07@webmail.com,2024-08-17,Oman,False
Herbert Grant,edward82@example.com,2024-02-26,Solomon Islands,False
Lisa Rodriguez,edwin67@hotmail.com,2024-04-13,El Salvador,True
Herbert Lake,brian99@hotmail.com,2023-11-10,Pakistan,True
Jason Dent,deborah39@msn.com,2024-04-14,Panama,True
Eve Kirby,mary18@yahoo.com,2024-02-14,Luxembourg,False
Victoria Smith,beryl45@msn.com,2023-12-22,Singapore,False
Helena Smith,polly55@yahoo.com,2024-06-16,Denmark,True
Robyn Kirby,robyn05@msn.com,2023-12-09,Mayotte,True
Judith Smythe,robyn71@hotmail.com,2023-10-02,Saudi Arabia,False
Eve Lewis,edward38@example.com,2024-09-12,Congo, Rep.,False
Nancy Grant,herbert35@privacy.net,2024-06-29,Macao, China,False
Alison Grant,alison84@msn.com,2023-12-27,Saudi Arabia,True
Michelle Miller,maria55@webmail.com,2023-11-17,Kyrgyz Republic,True
Mary Harris,edgar57@hotmail.com,2024-07-02,Belize,True
Fiona Moore,mary31@example.com,2023-12-14,Egypt, Arab Rep.,True
Kimberly White,harold76@webmail.com,2023-09-22,Tonga,True
Tabitha Clark,polly89@msn.com,2023-09-20,Central African Republic,False
Susan Miller,eve70@msn.com,2023-10-03,Afghanistan,True
Eve Jeffries,robert99@yahoo.com,2024-06-03,Latvia,True
Paul Williams,cheryl15@example.com,2024-06-29,Mali,True
Karen Major,thomas27@privacy.net,2024-01-08,Saudi Arabia,True
Elizabeth Edwards,roger76@gmail.com,2023-10-17,Andorra,True
Paul Davis,george15@example.com,2024-06-02,Belize,True
Cheryl Clark,karen@example.com,2023-10-06,Lithuania,False
Elizabeth Yorke,michelle85@example.com,2024-06-07,Jordan,False
Beryl Peterson,jessica15@webmail.com,2024-02-13,San Marino,False
Matthew Thompson,betty93@msn.com,2024-06-19,Hungary,False
Adam Smythe,edwin18@webmail.com,2024-02-03,Burkina Faso,True
Hugh Anderson,donna44@example.com,2024-07-31,Sierra Leone,True
Robert Taylor,terry38@privacy.net,2024-06-12,Somalia,False
William Harris,donna41@gmail.com,2024-04-06,Barbados,True
Edgar Davies,adam04@hotmail.com,2024-05-24,South Africa,True
Linda Lake,eve11@privacy.net,2024-01-05,Korea, Rep.,True
Ronald Jones,patricia20@msn.com,2023-10-04,Germany,True
Felicity Martin,simon18@yahoo.com,2024-02-22,Senegal,True
Victoria Johnson,kevin26@gmail.com,2024-07-21,Ireland,True
Felicity Lee,linda36@yahoo.com,2023-10-22,Singapore,False
Laura Johnson,patricia99@example.com,2023-10-06,Iceland,True
Deborah Davidson,laura58@hotmail.com,2024-07-16,Niger,False
Harold Abel,jason65@privacy.net,2024-06-13,Italy,False
Helen Yorke,arthur87@yahoo.com,2024-07-28,Luxembourg,True
Margaret Jackson,ann@msn.com,2024-01-09,Mayotte,False
Kimberly Anderson,john21@webmail.com,2024-08-28,Congo, Rep.,True
Mary Harrison,ursula73@yahoo.com,2024-01-19,Nepal,True
Jason Martin,barbara52@webmail.com,2024-09-11,New Caledonia,True
Michelle Burrows,james32@hotmail.com,2024-02-02,Malawi,True
Herbert Thompson,sharon75@hotmail.com,2024-01-21,Gambia, The,False
Marcus Stevens,felicity36@msn.com,2023-12-05,Nigeria,False
Thomas Washington,terry18@hotmail.com,2024-02-19,Djibouti,False
Kenneth Lee,ursula50@webmail.com,2024-08-01,Trinidad and Tobago,True
John Lee,kimberly03@gmail.com,2024-04-15,Haiti,True
Robert Smith,robert20@example.com,2024-06-24,Senegal,True
Judith Davies,matthew40@hotmail.com,2024-05-13,Italy,False
Michael Lewis,paul36@hotmail.com,2024-08-24,Rwanda,False
Betty Peterson,maria@example.com,2023-11-14,Denmark,False
Marcus Baker,nancy55@webmail.com,2023-12-03,Belarus,False
Anna Moore,barbara@privacy.net,2024-06-01,Saudi Arabia,False
Karen Rodriguez,james77@hotmail.com,2023-11-13,Jordan,True
Marcus Yorke,ruth08@hotmail.com,2023-11-02,Greece,False
Diana Brown,michelle82@privacy.net,2023-11-01,Egypt, Arab Rep.,False
Patricia Williams,barbara53@msn.com,2023-12-08,Jordan,True
Kimberly Davies,helen@privacy.net,2024-04-01,Botswana,False
Ann Walker,paul39@yahoo.com,2024-05-19,Liechtenstein,False
Laura Baker,maria41@yahoo.com,2024-04-26,Côte d'Ivoire,True
Hugh Peters,jennifer91@msn.com,2023-10-11,Hong Kong, China,False
Paul Brown,wendy47@yahoo.com,2023-11-16,Czech Republic,False
Victoria Anthony,maria65@example.com,2024-07-10,Brazil,False
Robert Rodriguez,john05@hotmail.com,2024-01-08,Uruguay,False
Robert Yorke,kevin96@webmail.com,2024-08-18,Faeroe Islands,False
Charles Taylor,betty23@yahoo.com,2024-08-26,United Kingdom,False
Mark Walker,ruth46@example.com,2024-06-24,Germany,True
Philip Andrews,simon81@privacy.net,2024-07-15,Belgium,False
Deborah Major,marcus64@msn.com,2024-07-15,Lebanon,True
Sharon Stevens,charles08@example.com,2024-04-10,Tunisia,True
Jennifer Stevens,edgar46@privacy.net,2024-07-12,Niger,True
Kimberly Lewis,maria71@webmail.com,2023-11-06,Brunei Darussalam,True
Linda Harrison,sandra@example.com,2023-12-25,Brazil,False
Roger Andrews,karen37@yahoo.com,2024-05-27,Mongolia,False
Deborah Robinson,jessica@yahoo.com,2024-07-05,Turkmenistan,False
Jennifer Anderson,kenneth@example.com,2024-01-01,Netherlands Antilles,False
Ann Washington,anthony55@webmail.com,2024-05-02,Guinea,True
Ruth Davies,matthew@yahoo.com,2023-12-29,Yemen, Rep.,True
Jessica Lake,jessica92@msn.com,2024-06-21,Sri Lanka,True
Philip Grant,jennifer44@privacy.net,2023-11-23,Kenya,True
Robert Rodriguez,herbert87@hotmail.com,2024-05-05,Canada,False
Linda Major,philip@msn.com,2024-06-15,Israel,False
Judith White,alison66@privacy.net,2023-10-13,Guam,True
Diana Garcia,anne67@gmail.com,2023-11-24,Libya,True
Ruth Kirk,brian25@privacy.net,2024-02-19,Panama,False
Lisa Clarkson,joseph72@gmail.com,2024-03-24,Thailand,False
Helen Baker,joseph52@webmail.com,2024-07-30,Marshall Islands,True
Charles Williams,laura56@hotmail.com,2024-01-26,Swaziland,True
Susan Martin,simon65@hotmail.com,2024-04-22,Angola,True
Elizabeth Davies,lisa24@msn.com,2024-08-11,Finland,False
Laura Kirby,dorothy59@msn.com,2024-01-31,Maldives,True
Robert Thatcher,william23@privacy.net,2023-12-18,Mongolia,True
Edward Harrison,kevin50@privacy.net,2024-05-05,Fiji,False
Ruth Dent,arthur26@gmail.com,2024-03-15,Mayotte,True
Mark Peters,maria@example.com,2024-08-09,Barbados,True
Anne Hall,tabitha90@yahoo.com,2024-05-23,Canada,True
Donald Clark,anne@yahoo.com,2024-03-06,Mali,True
Ursula Harrison,matthew@yahoo.com,2024-07-17,Israel,True
Margaret Yorke,edwin64@privacy.net,2024-02-01,Solomon Islands,True
Judith Stevens,patricia77@yahoo.com,2024-08-15,Philippines,True
Margaret Clarke,jessica@yahoo.com,2024-05-03,Nicaragua,False
Thomas Kirk,hugh76@privacy.net,2023-11-14,Northern Mariana Islands,False
Adam Thompson,sandra@example.com,2023-12-21,India,False
William Lewis,edward86@webmail.com,2024-06-03,Iraq,True
Anna Wilson,thomas12@yahoo.com,2024-07-07,Congo, Dem. Rep.,False
Ursula Brown,thomas02@webmail.com,2024-03-07,Congo, Rep.,True
Kenneth Thatcher,elizabeth51@yahoo.com,2024-02-29,Uganda,True
Carol Grant,karen@example.com,2024-08-15,Nigeria,False
Richard Harrison,adam86@hotmail.com,2024-01-15,Congo, Rep.,True
Paul Abel,jessica49@msn.com,2024-03-23,Tunisia,True
Diana Robertson,matthew68@gmail.com,2024-05-05,Eritrea,False
Joseph Jeffries,sarah49@hotmail.com,2024-09-15,Senegal,False
Arthur Yorke,kimberly@hotmail.com,2024-09-02,Isle of Man,False
William Williams,felicity@webmail.com,2024-01-21,Kyrgyz Republic,True
Anthony Stevens,anna84@gmail.com,2024-07-20,India,False
Hugh Moore,barbara@privacy.net,2024-05-11,Nigeria,True
Terry Smythe,arthur62@webmail.com,2024-07-28,Mauritania,True
Anna Garcia,ronald96@privacy.net,2024-07-10,Mauritania,True
Eve Harrison,charles87@gmail.com,2023-12-17,Mexico,False
Michelle Johnson,harold73@hotmail.com,2023-11-08,Greece,True
Karen Brown,kenneth@example.com,2024-01-09,Singapore,True
Harold Dent,matthew63@example.com,2024-07-02,Mayotte,True
Robert Jones,mary82@yahoo.com,2024-01-18,Portugal,True
Beryl Smythe,william53@example.com,2024-03-28,Paraguay,True
Roger Stevens,thomas70@gmail.com,2024-04-07,Mongolia,False
Edgar Harrison,ursula68@example.com,2024-01-20,United Kingdom,False
Donald Oates,herbert08@gmail.com,2023-12-24,Guam,False
Arthur Edwards,donna00@privacy.net,2024-01-08,Netherlands Antilles,False
Kimberly Lewis,steven17@privacy.net,2023-10-01,Portugal,True
Arthur Major,karen@hotmail.com,2024-01-31,Gabon,True
Christopher Major,sharon63@hotmail.com,2024-05-29,Comoros,True
Terry Miller,marcus10@yahoo.com,2023-09-21,Angola,False
Simon Jackson,thomas92@msn.com,2023-11-15,Switzerland,True
Margaret White,kenneth@example.com,2023-11-03,Haiti,False
Anna Thatcher,betty22@yahoo.com,2024-03-30,New Zealand,False
Robyn Peterson,paul84@yahoo.com,2023-10-19,Georgia,True
Anne Abel,margaret98@msn.com,2023-12-21,Sudan,True
Donna Smith,anne64@privacy.net,2024-01-21,Netherlands,True
Michelle Edwards,barbara88@hotmail.com,2024-09-12,Kazakhstan,False
Marcus Wilson,kimberly44@example.com,2024-03-25,Madagascar,True
Polly Taylor,helen86@hotmail.com,2024-03-23,Netherlands Antilles,False
Alison Taylor,roger15@yahoo.com,2024-07-17,Sudan,False
Maria Wilson,karen66@yahoo.com,2024-09-01,West Bank and Gaza,True
Edward White,victoria24@webmail.com,2024-01-18,Djibouti,False
Mary Stevens,anne@yahoo.com,2023-11-26,Sudan,True
Donald Washington,lisa51@hotmail.com,2023-11-08,Burundi,True
Tabitha Garcia,barbara54@hotmail.com,2024-04-18,Antigua and Barbuda,False
Kevin Smythe,barbara96@yahoo.com,2024-04-26,Sierra Leone,True
Alison Anderson,jennifer@webmail.com,2023-10-27,Grenada,True
Harold Robertson,anne@yahoo.com,2023-11-18,Serbia,True
Donald Lee,maria@example.com,2023-09-20,Myanmar,False
Ursula Jeffries,anne88@example.com,2023-09-25,Nicaragua,False
George Williams,paul50@msn.com,2024-03-08,Dominica,False
Jason Clarke,alison53@hotmail.com,2024-06-23,Romania,True
Dorothy Edwards,donald86@webmail.com,2024-03-21,St. Lucia,False
John Wilson,laura81@hotmail.com,2023-11-05,Afghanistan,False
Kenneth Davis,helena26@webmail.com,2024-03-10,United Arab Emirates,False
George Brown,thomas00@hotmail.com,2024-07-13,Mongolia,True
Sandra Wilson,diana60@gmail.com,2023-12-22,Norway,False
Barbara Edwards,edgar25@yahoo.com,2023-12-03,Andorra,False
Linda Stevens,dorothy84@gmail.com,2024-06-07,Tonga,True
Jessica Smith,david42@msn.com,2023-11-28,Central African Republic,True
Victoria Moore,william03@example.com,2024-07-31,Burkina Faso,True
Sarah Walker,george18@hotmail.com,2023-11-08,Thailand,False
Alison Harrison,beryl@privacy.net,2024-05-31,Zambia,False
Laura Davies,kevin81@yahoo.com,2024-06-08,Hong Kong, China,True
Charles Jones,betty63@gmail.com,2024-07-16,Papua New Guinea,True
Eve Anthony,helen26@gmail.com,2024-08-17,Serbia,True
Felicity Williams,patricia63@yahoo.com,2024-08-27,Slovenia,True
Charlotte Grant,laura@msn.com,2024-08-19,Dominican Republic,False
Jessica Thatcher,laura@msn.com,2024-08-30,Austria,True
Maria Wilson,brian94@msn.com,2024-09-09,Colombia,True
Michael Thompson,brian48@example.com,2024-04-10,Azerbaijan,False
Betty Williams,polly56@example.com,2023-12-31,Niger,False
Betty Edwards,linda90@example.com,2023-10-06,Fiji,True
Simon Smith,sandra16@hotmail.com,2023-10-01,Armenia,False
Michelle Abel,jason02@privacy.net,2023-10-08,Burundi,True
Kevin Garcia,mark08@webmail.com,2023-10-04,China,False
Steven Kirk,sharon05@msn.com,2024-06-29,Mali,True
Anne Miller,james21@yahoo.com,2023-12-08,Mozambique,True
Donna Lewis,james84@webmail.com,2024-05-08,Hungary,False
Sharon Kirk,donald89@gmail.com,2024-08-20,Zimbabwe,False
Mary Washington,barbara69@privacy.net,2023-12-06,Puerto Rico,True
Kenneth Abel,marcus13@msn.com,2023-12-29,St. Vincent and the Grenadines,False
Maria Rodriguez,kevin16@webmail.com,2024-08-16,New Caledonia,False
Ruth Washington,sandra67@gmail.com,2024-01-16,Turkey,False
Edward Johnson,beryl97@hotmail.com,2023-11-25,Djibouti,False
Edgar Baker,maria68@webmail.com,2024-08-10,Mayotte,False
Maria Abel,polly75@example.com,2024-01-03,Slovenia,True
Ronald Thatcher,betty66@privacy.net,2023-11-06,Denmark,False
James Kirk,herbert12@webmail.com,2024-06-16,Panama,False
Anthony Davidson,michelle97@hotmail.com,2024-01-26,Uganda,False
Edward Peters,hugh37@hotmail.com,2024-01-21,Algeria,True
Alison Kirby,thomas12@privacy.net,2024-08-31,Kuwait,True
Judith Jones,kevin60@hotmail.com,2023-11-02,Rwanda,False
Judith Robertson,lucy64@privacy.net,2024-04-16,Lao PDR,True
Brian Washington,jason00@gmail.com,2024-02-08,Ecuador,False
Herbert Davies,susan48@example.com,2023-12-19,Saudi Arabia,True
James Clarkson,michael43@privacy.net,2023-10-24,Gambia, The,True
Philip Kirk,fiona54@hotmail.com,2024-06-27,French Polynesia,True
Fiona Anthony,donald30@example.com,2024-05-31,Moldova,False
Elizabeth Burrows,helen05@example.com,2023-09-18,Brunei Darussalam,False
Edward Grant,jessica54@hotmail.com,2024-06-02,Kuwait,True
Lisa Davis,maria04@gmail.com,2024-04-10,Fiji,False
Matthew Brown,paul32@example.com,2024-01-26,Korea, Rep.,True
Sandra Baker,marcus06@yahoo.com,2024-03-12,Lebanon,True
Paul Abel,john30@msn.com,2023-12-05,Chad,False
Mark Martinez,james14@privacy.net,2023-10-24,Morocco,False
Kenneth Harrison,elizabeth90@example.com,2024-07-06,Swaziland,True
Robert Yorke,terry97@webmail.com,2024-02-11,Spain,False
Simon Dent,edwin89@example.com,2023-11-02,Trinidad and Tobago,True
Philip Martin,paul61@msn.com,2024-09-02,Bahrain,False
Victoria Davies,maria82@yahoo.com,2024-03-07,Mauritius,True
Brian Hall,maria90@gmail.com,2024-06-26,Kenya,False
Betty Garcia,john41@example.com,2023-09-20,Egypt, Arab Rep.,False
Ronald White,felicity26@webmail.com,2024-01-08,Norway,False
Barbara Jones,christopher09@yahoo.com,2023-11-28,Antigua and Barbuda,True
Anna Kirk,nancy35@example.com,2023-10-15,Afghanistan,True
Christopher Lee,edward14@hotmail.com,2024-09-03,Sierra Leone,False
Paul Kirby,david60@yahoo.com,2024-04-02,Zimbabwe,True
Jennifer Clarkson,herbert92@webmail.com,2024-04-21,Ghana,False
Terry Yorke,karen53@privacy.net,2024-02-27,Hungary,True
Robert Thompson,sandra@example.com,2024-07-26,Uzbekistan,True
Barbara Hall,elizabeth97@msn.com,2024-05-24,Belarus,False
Deborah Robinson,barbara86@hotmail.com,2024-07-25,Jordan,False
Harold Dent,helen21@hotmail.com,2024-07-09,Seychelles,True
George Robertson,karen52@webmail.com,2024-02-09,Guyana,False
Barbara Davis,felicity43@example.com,2024-01-15,Ethiopia,True
Karen Kirk,polly03@msn.com,2024-02-16,Liberia,False
Cheryl Kirby,christopher25@privacy.net,2024-03-15,Lebanon,False
Donna Major,ruth16@privacy.net,2024-07-21,Timor-Leste,False
Judith Grant,dorothy10@privacy.net,2024-03-10,São Tomé and Principe,True
Linda Garcia,nancy06@msn.com,2023-11-09,Lao PDR,False
Helena Clark,lisa86@gmail.com,2024-09-07,Haiti,True
William Brown,ronald54@privacy.net,2023-12-22,China,True
Ursula Jefferson,robert77@privacy.net,2024-08-03,Angola,True
Diana Davies,cheryl55@privacy.net,2024-08-22,Lithuania,True
Harold Grant,marcus40@hotmail.com,2024-03-18,Indonesia,True
Robyn Robinson,john15@webmail.com,2024-08-10,Jordan,False
Michael Edwards,ruth98@gmail.com,2024-01-03,Guatemala,True
Ursula Andrews,edward76@hotmail.com,2024-01-03,Korea, Rep.,False
Ann Baker,jennifer@webmail.com,2024-06-23,São Tomé and Principe,True
Ann Baker,roger64@webmail.com,2024-03-01,Germany,False
Michael Lewis,simon@example.com,2024-06-19,Maldives,False
Simon Oates,kenneth@example.com,2024-05-08,Montenegro,False
Betty Anthony,helena45@gmail.com,2023-11-26,Iran, Islamic Rep.,True
William Williams,michelle68@privacy.net,2023-11-27,New Zealand,False
Mary Martinez,anne@yahoo.com,2023-10-27,Virgin Islands (U.S.),True
Jason Major,adam17@privacy.net,2024-05-22,Eritrea,True
Daniel Edwards,sandra75@privacy.net,2024-07-13,Peru,True
Adam Washington,lisa08@yahoo.com,2024-02-29,Slovenia,False
Anthony Robinson,sandra@yahoo.com,2024-08-14,Senegal,False
Edward Davis,nancy02@example.com,2024-03-07,Bolivia,True
Marcus Thompson,edwin88@example.com,2024-09-04,Montenegro,True
Harold Clarkson,harold31@privacy.net,2024-02-16,Moldova,False
Donna Moore,brian29@example.com,2023-11-03,Moldova,False
Ruth Harris,maria@example.com,2024-04-02,Nicaragua,False
Charlotte Clark,harold24@gmail.com,2023-09-18,Serbia,True
Kevin Peterson,robert88@example.com,2023-11-17,Mayotte,True
Richard Burrows,barbara10@hotmail.com,2024-04-09,Korea, Dem. Rep.,False
Michelle Jefferson,david42@hotmail.com,2024-03-29,Dominican Republic,True
Mark Martin,karen63@gmail.com,2023-12-10,New Caledonia,False
Kevin Jefferson,joseph25@gmail.com,2024-05-06,Mozambique,True
Daniel Thompson,deborah61@msn.com,2024-07-06,Syrian Arab Republic,True
Dorothy Martinez,george03@hotmail.com,2023-11-23,Channel Islands,False
Herbert Johnson,helen@privacy.net,2024-03-08,Mali,False
Karen Martin,wendy33@privacy.net,2024-05-25,Madagascar,False
Alison Clarkson,dorothy88@yahoo.com,2024-07-24,Thailand,True
David Yorke,eve38@yahoo.com,2023-11-06,Faeroe Islands,True
Steven Miller,edward42@gmail.com,2024-05-11,Cameroon,False
Edward Thatcher,margaret95@msn.com,2024-06-13,Congo, Dem. Rep.,True
Cheryl Rodriguez,thomas82@gmail.com,2024-07-23,San Marino,True
Anna Martinez,thomas66@privacy.net,2024-04-11,Greenland,False
Kenneth Anthony,christopher91@hotmail.com,2023-10-20,Aruba,True
Jennifer Jackson,edward56@webmail.com,2024-05-09,Zambia,False
Wendy Jones,jessica14@webmail.com,2024-01-21,France,False
Ann White,richard76@gmail.com,2024-07-06,Greece,True
Lisa Walker,polly25@webmail.com,2023-12-06,Djibouti,True
Adam Thompson,ronald09@privacy.net,2024-04-25,Pakistan,True
Roger Clark,hugh09@yahoo.com,2024-02-24,Bulgaria,False
Sandra Kirk,george81@msn.com,2024-07-14,Argentina,False
Edgar Washington,jason81@gmail.com,2024-05-26,Honduras,False
Paul Lewis,hugh64@msn.com,2023-12-01,Aruba,False
Patricia Robinson,robert49@privacy.net,2024-03-17,Cyprus,False
William Davidson,christopher49@privacy.net,2024-05-22,Latvia,False
Fiona Brown,sharon10@privacy.net,2024-08-25,Botswana,False
Robert Williams,sandra@yahoo.com,2024-01-25,United States,True
David Hall,karen@hotmail.com,2023-11-29,Senegal,False
Jessica Yorke,sarah27@example.com,2024-04-04,Latvia,True
Karen Oates,edward09@privacy.net,2024-04-22,Senegal,False
Maria Anthony,dorothy92@hotmail.com,2024-07-08,Austria,False
Edgar Anthony,alison48@example.com,2024-04-03,Algeria,True
Marcus Lee,judith59@example.com,2024-02-29,Guam,False
Helena Grant,edgar93@privacy.net,2024-07-18,Netherlands,False
Margaret Jefferson,paul54@hotmail.com,2024-03-09,Mexico,False
Beryl Andrews,carol29@privacy.net,2023-12-19,Poland,False
Anna Rodriguez,marcus69@msn.com,2023-12-14,Venezuela, RB,True
Cheryl Smith,anna27@msn.com,2024-03-18,Bhutan,False
Brian Thompson,karen07@yahoo.com,2024-07-05,Somalia,False
Arthur Jones,richard04@example.com,2024-04-12,Zimbabwe,True
Kimberly Kirby,helena76@privacy.net,2023-12-24,Central African Republic,True
Ruth Peters,donna45@msn.com,2024-06-19,Bahamas, The,True
Steven Martin,philip@msn.com,2024-05-24,Ethiopia,True
Lisa Martinez,karen@example.com,2023-10-21,El Salvador,False
Cheryl Martin,joseph76@gmail.com,2024-05-29,Namibia,True
Sandra Burrows,steven96@example.com,2024-08-23,Dominican Republic,True
Dorothy Kirby,linda53@msn.com,2024-06-10,Bermuda,False
Beryl Taylor,jennifer69@example.com,2024-02-14,Aruba,True
Victoria Walker,charlotte06@webmail.com,2024-02-12,Cape Verde,True
Ursula Burrows,david80@privacy.net,2024-08-14,Yemen, Rep.,False
Lucy Anthony,cheryl64@hotmail.com,2023-10-01,Mauritius,True
Nancy Robinson,helena00@yahoo.com,2024-06-29,Mexico,False
Ursula Washington,richard53@msn.com,2024-04-19,Mauritius,False
George Miller,robert49@yahoo.com,2024-03-10,Nigeria,True
Jennifer Oates,daniel25@hotmail.com,2023-11-26,Austria,False
Charlotte Hall,cheryl49@privacy.net,2024-05-13,Malaysia,True
Tabitha Edwards,helen89@gmail.com,2024-02-14,Bangladesh,True
Laura Garcia,thomas35@webmail.com,2024-02-26,Estonia,True
Ronald Washington,jessica09@hotmail.com,2024-03-14,Fiji,False
Roger Wilson,sandra69@gmail.com,2023-10-08,Burundi,False
Polly Major,joseph17@hotmail.com,2023-11-03,Honduras,False
Steven Baker,michael60@privacy.net,2024-08-16,Guinea-Bissau,True
Charles Garcia,ursula72@gmail.com,2024-04-26,Senegal,False
Adam Clarkson,simon@example.com,2023-09-21,Hungary,False
Anthony Harrison,beryl@webmail.com,2024-08-26,Swaziland,True
Ronald Martinez,susan86@webmail.com,2023-09-19,Honduras,True
Anna Clarke,marcus83@privacy.net,2024-06-17,Virgin Islands (U.S.),True
Matthew Lewis,linda20@hotmail.com,2024-05-24,Cape Verde,True
Charlotte Clarke,terry91@example.com,2023-10-16,Andorra,False
Terry Kirby,maria12@hotmail.com,2023-12-02,Tunisia,False
Nancy Peters,laura@msn.com,2024-03-26,Mauritius,False
Anna Miller,alison79@hotmail.com,2024-05-03,Lao PDR,False
Simon Moore,michelle52@webmail.com,2023-11-11,Nigeria,False
Jason Abel,simon@example.com,2024-04-14,South Africa,False
George Miller,george68@msn.com,2024-05-14,Virgin Islands (U.S.),True
William Abel,george08@example.com,2024-08-25,Sri Lanka,False
Jennifer Smythe,harold08@yahoo.com,2024-03-20,Somalia,False
Beryl Harrison,helen16@gmail.com,2024-03-05,Haiti,False
Donald Robertson,paul14@privacy.net,2024-08-05,Cambodia,True
Betty Wilson,mark56@msn.com,2024-03-08,Norway,True
Michael Lewis,kimberly86@webmail.com,2023-10-05,Tajikistan,False
Thomas Johnson,barbara@privacy.net,2024-04-14,Thailand,False
Roger Davidson,elizabeth06@gmail.com,2024-01-21,Trinidad and Tobago,True
Helena Washington,dorothy40@webmail.com,2023-09-18,Mauritius,False
Donna Kirby,barbara74@yahoo.com,2023-12-20,Macao, China,False
Edwin Garcia,simon@example.com,2024-06-10,Lesotho,False
Tabitha Clarke,anne@yahoo.com,2024-01-03,Gambia, The,True
Steven Peterson,anne72@msn.com,2024-07-31,Lesotho,True
Dorothy Lake,lisa95@webmail.com,2024-04-11,Bhutan,True
Maria Clark,brian30@msn.com,2024-03-05,Luxembourg,True
Joseph Burrows,lisa86@hotmail.com,2023-11-18,Luxembourg,False
Helena Martin,sarah85@privacy.net,2024-06-25,El Salvador,False
Cheryl Lake,laura@msn.com,2024-08-07,Saudi Arabia,False
Jennifer Jefferson,christopher24@msn.com,2024-07-03,Kiribati,True
Ursula Major,ronald22@yahoo.com,2024-05-12,Luxembourg,True
Jason Lake,michael26@example.com,2024-09-11,Tonga,False
Charles Thompson,charlotte53@example.com,2024-02-24,Faeroe Islands,False
